,c1,c2,c3,chemical_formula,coer_oe,crystal_structure,depth_nm,exc_bias_oe,fc_field_t,h_range_max_koe,id,length_d_nm,mr (emu/g),sat_em_g,shape,space_group_core,space_group_shell,structure,structure_,temperature_k,ver_shift_emu_g,width_nm,orig_c1,orig_c2,formula_combined
0,Zn1 O1,Fe2 Co1 O4,,"['ZnO', 'CoFe2O4']",27800.0,"hexagonal, cubic ",7.4,-1132.0,5.0,50.0,1,7.4,,,sphere,p63mc,fd-3m,ZnO/CoFe2O4,ZnO/CoFe2O4,5.0,0.0,7.4,ZnO,CoFe2O4,Zn1 O1 Fe2 Co1 O4
1,Co1 O1,Fe2 Co1 O4,,"['CoO', 'CoFe2O4']",7800.0,"cubcic, cube",7.0,-406.0,5.0,50.0,2,7.0,,,sphere,fm-3m,fd-3m,CoO/CoFe2O4,CoO/CoFe2O4,5.0,0.0,7.0,CoO,CoFe2O4,Co1 O1 Fe2 Co1 O4
2,Mn1 Zn1 Fe4 O8,,,['Mn0.50Zn0.50Fe2O4'],24.8,cubic,17.0,51.34,0.0,10.0,3,17.0,0.0078,2.29,polyhedron,fd-3m,0,Mn0.50Zn0.50Fe2O4,MnZnFe4O8,300.0,0.0,17.0,Mn0.50Zn0.50Fe2O4,,Mn1 Zn1 Fe4 O8
3,Mn1 Zn1 Fe4 O8,,,['Mn0.50Zn0.50Fe2O4'],90.2,cubic,11.0,108.18,0.0,10.0,4,11.0,0.0218,2.43,polyhedron,fd-3m,0,Mn0.5Zn0.5Fe2O4,MnZnFe4O8,300.0,0.0,11.0,Mn0.50Zn0.50Fe2O4,,Mn1 Zn1 Fe4 O8
4,Mn1 Zn1 Fe4 O8,,,['Mn0.50Zn0.50Fe2O4'],40.07,cubic,12.0,8.92,0.0,10.0,5,12.0,0.3498,16.15,polyhedron,fd-3m,0,Mn0.5Zn0.5Fe2O4,MnZnFe4O8,300.0,0.0,12.0,Mn0.50Zn0.50Fe2O4,,Mn1 Zn1 Fe4 O8
5,Mn1 Zn1 Fe4 O8,,,['Mn0.50Zn0.50Fe2O4'],47.13,cubic,18.0,14.38,0.0,10.0,6,18.0,0.6546,18.75,polyhedron,fd-3m,0,Mn0.5Zn0.5Fe2O4,MnZnFe4O8,300.0,0.0,18.0,Mn0.50Zn0.50Fe2O4,,Mn1 Zn1 Fe4 O8
6,Mn1 Zn1 Fe4 O8,,,['Mn0.50Zn0.50Fe2O4'],109.35,cubic,21.0,2.83,0.0,10.0,7,21.0,9.2738,81.48,polyhedron,fd-3m,0,Mn0.5Zn0.5Fe2O4,MnZnFe4O8,300.0,0.0,21.0,Mn0.50Zn0.50Fe2O4,,Mn1 Zn1 Fe4 O8
7,La1 Fe1 O3,,,['LaFeO3'],830.0,orthorhombic,27.0,0.0,0.0,60.0,8,27.0,0.735,1.3235,sphere,pnma,0,LaFeO3,LaFeO3,5.0,-0.017,27.0,LaFeO3,,La1 Fe1 O3
8,La1 Fe1 O3,,,['LaFeO3'],894.0,orthorhombic,27.0,-255.0,0.5,60.0,9,27.0,0.735,1.3529,sphere,pnma,0,LaFeO3,LaFeO3,5.0,,27.0,LaFeO3,,La1 Fe1 O3
9,La1 Fe1 O3,,,['LaFeO3'],910.0,orthorhombic,27.0,-296.0,1.0,60.0,10,27.0,0.735,1.3529,sphere,pnma,0,LaFeO3,LaFeO3,5.0,,27.0,LaFeO3,,La1 Fe1 O3
10,La1 Fe1 O3,,,['LaFeO3'],945.0,orthorhombic,27.0,-344.0,2.0,60.0,11,27.0,0.735,1.3823,sphere,pnma,0,LaFeO3,LaFeO3,5.0,,27.0,LaFeO3,,La1 Fe1 O3
11,La1 Fe1 O3,,,['LaFeO3'],1077.0,orthorhombic,27.0,-635.0,5.0,60.0,12,27.0,0.7,1.44117,sphere,pnma,0,LaFeO3,LaFeO3,5.0,0.142857,27.0,LaFeO3,,La1 Fe1 O3
12,La1 Fe1 O3,,,['LaFeO3'],894.0,orthorhombic,36.0,0.0,0.0,60.0,13,36.0,0.0588,0.65,sphere,pnma,0,LaFeO3,LaFeO3,5.0,-0.3,36.0,LaFeO3,,La1 Fe1 O3
13,La1 Fe1 O3,,,['LaFeO3'],985.0,orthorhombic,36.0,-229.0,0.5,60.0,14,36.0,0.0588,0.65,sphere,pnma,0,LaFeO3,LaFeO3,5.0,0.0088,36.0,LaFeO3,,La1 Fe1 O3
14,La1 Fe1 O3,,,['LaFeO3'],1016.0,orthorhombic,36.0,-350.0,1.0,60.0,15,36.0,0.0588,0.65,sphere,pnma,0,LaFeO3,LaFeO3,5.0,0.0176,36.0,LaFeO3,,La1 Fe1 O3
15,La1 Fe1 O3,,,['LaFeO3'],1074.0,orthorhombic,36.0,-502.0,2.0,60.0,16,36.0,0.0588,0.66,sphere,pnma,0,LaFeO3,LaFeO3,5.0,0.023,36.0,LaFeO3,,La1 Fe1 O3
16,La1 Fe1 O3,,,['LaFeO3'],1483.0,orthorhombic,36.0,-2157.0,5.0,60.0,17,36.0,0.052,0.66,sphere,pnma,0,LaFeO3,LaFeO3,5.0,0.084,36.0,LaFeO3,,La1 Fe1 O3
17,Ni1,Ni1 O1,,"['Ni', 'NiO']",634.0,"cubic, cubic",30.0,-130.0,1.0,2.5,18,30.0,21.5,26.6,sphere,fm-3m,fm-3m,Ni–NiO,Ni–NiO,8.0,0.0,30.0,Ni,NiO,Ni1 Ni1 O1
18,Ni1,Ni1 O1,,"['Ni', 'NiO']",641.0,"cubic, cubic",30.0,-137.0,1.0,2.5,19,30.0,21.5,26.4,sphere,fm-3m,fm-3m,Ni–NiO,Ni–NiO,8.0,0.0,30.0,Ni,NiO,Ni1 Ni1 O1
19,Ni1,Ni1 O1,,"['Ni', 'NiO']",379.0,"cubic, cubic",30.0,-38.0,1.0,2.5,20,30.0,8.9,15.2,sphere,fm-3m,fm-3m,Ni–NiO,Ni–NiO,8.0,0.0,30.0,Ni,NiO,Ni1 Ni1 O1
20,Ni1,Ni1 O1,,"['Ni', 'NiO']",547.0,"cubic, cubic",30.0,-73.0,1.0,2.5,21,30.0,10.7,14.7,sphere,fm-3m,fm-3m,Ni–NiO,Ni–NiO,8.0,0.0,30.0,Ni,NiO,Ni1 Ni1 O1
21,Ni1,Ni1 O1,,"['Ni', 'NiO']",534.0,"cubic, cubic",30.0,-81.0,1.0,2.5,22,30.0,13.0,16.0,sphere,fm-3m,fm-3m,Ni–NiO,Ni–NiO,8.0,0.0,30.0,Ni,NiO,Ni1 Ni1 O1
22,Ni1,Ni1 O1,,"['Ni', 'NiO']",756.0,"cubic, cubic",30.0,-109.0,1.0,2.5,23,30.0,12.8,16.5,sphere,fm-3m,fm-3m,Ni–NiO,Ni–NiO,8.0,0.0,30.0,Ni,NiO,Ni1 Ni1 O1
23,Mg1 Fe2 O4,,,['MgFe2O4'],8.45,cubic,12.0,0.0,0.0,20.0,24,12.0,0.14,12.75,tetrahedral,fd-3m,0,MgFe2O4,MgFe2O4,300.0,0.0,12.0,MgFe2O4,,Mg1 Fe2 O4
24,Mg1 Fe2 O4,,,['MgFe2O4'],9.88,cubic,16.0,0.0,0.0,20.0,25,16.0,0.34,18.61,tetrahedral,fd-3m,0,MgFe2O4,MgFe2O4,300.0,0.0,16.0,MgFe2O4,,Mg1 Fe2 O4
25,Mg1 Fe2 O4,,,['MgFe2O4'],22.34,cubic,24.0,0.0,0.0,20.0,26,24.0,1.24,24.52,octahedral,fd-3m,0,MgFe2O4,MgFe2O4,300.0,0.0,24.0,MgFe2O4,,Mg1 Fe2 O4
26,Mg1 Fe2 O4,,,['MgFe2O4'],59.66,cubic,33.0,0.0,0.0,20.0,27,33.0,3.81,29.42,octahedral,fd-3m,0,MgFe2O4,MgFe2O4,300.0,0.0,33.0,MgFe2O4,,Mg1 Fe2 O4
27,Fe2 Co1 O4,,,['CoFe2O4'],1400.0,cubic,17.7,0.0,0.5,15.0,28,17.7,32.0,75.0,sphere,fd-3m,0,CoFe2O4,CoFe2O4,300.0,0.0,17.7,CoFe2O4,,Fe2 Co1 O4
28,Fe1 Bi1 O3,,,['BiFeO3'],0.0,trigonal,20.4,0.0,0.5,15.0,29,20.4,0.03,0.12,sphere,r3c,0,BiFeO3,BiFeO3,300.0,0.0,20.4,BiFeO3,,Fe1 Bi1 O3
29,Fe2 Co1 O4,Fe1 Bi1 O3,,"['CoFe2O4', 'BiFeO3']",902.2495,"cubic, trigonal",24.3,112.781,10.0,60.0,30,24.3,31.042,74.595,sphere,fd-3m,r3c,CoFe2O4@BiFeO3,CoFe2O4@BiFeO3,350.0,0.0,24.3,CoFe2O4,BiFeO3,Fe2 Co1 O4 Fe1 Bi1 O3
30,Fe2 Co1 O4,Fe1 Bi1 O3,,"['CoFe2O4', 'BiFeO3']",1316.317,"cubic, trigonal",24.3,226.736,10.0,60.0,31,24.3,39.222,79.167,sphere,fd-3m,r3c,CoFe2O4@BiFeO3,CoFe2O4@BiFeO3,300.0,0.0,24.3,CoFe2O4,BiFeO3,Fe2 Co1 O4 Fe1 Bi1 O3
31,Fe2 Co1 O4,Fe1 Bi1 O3,,"['CoFe2O4', 'BiFeO3']",1616.53,"cubic, trigonal",32.9,170.0,10.0,60.0,32,32.9,41.629,83.259,sphere,fd-3m,r3c,CoFe2O4@BiFeO3,CoFe2O4@BiFeO3,250.0,0.0,32.9,CoFe2O4,BiFeO3,Fe2 Co1 O4 Fe1 Bi1 O3
32,Fe2 Co1 O4,Fe1 Bi1 O3,,"['CoFe2O4', 'BiFeO3']",2594.2375,"cubic, trigonal",24.3,169.131,10.0,60.0,33,24.3,56.0,85.9,sphere,fd-3m,r3c,CoFe2O4@BiFeO3,CoFe2O4@BiFeO3,200.0,0.0,24.3,CoFe2O4,BiFeO3,Fe2 Co1 O4 Fe1 Bi1 O3
33,Fe2 Co1 O4,Fe1 Bi1 O3,,"['CoFe2O4', 'BiFeO3']",6052.7,"cubic, trigonal",24.3,112.78,10.0,60.0,34,24.3,67.858,87.0,sphere,fd-3m,r3c,CoFe2O4@BiFeO3,CoFe2O4@BiFeO3,100.0,0.0,24.3,CoFe2O4,BiFeO3,Fe2 Co1 O4 Fe1 Bi1 O3
34,Fe2 Co1 O4,Fe1 Bi1 O3,,"['CoFe2O4', 'BiFeO3']",7932.631,"cubic, trigonal",32.9,56.18,10.0,60.0,35,32.9,71.226,87.5,sphere,fd-3m,r3c,CoFe2O4@BiFeO3,CoFe2O4@BiFeO3,50.0,0.0,32.9,CoFe2O4,BiFeO3,Fe2 Co1 O4 Fe1 Bi1 O3
35,Fe2 Co1 O4,Fe1 Bi1 O3,,"['CoFe2O4', 'BiFeO3']",4116.89,"cubic, trigonal",24.3,90.0,10.0,60.0,36,24.3,63.046,87.349,sphere,fd-3m,r3c,CoFe2O4@BiFeO3,CoFe2O4@BiFeO3,150.0,0.0,24.3,CoFe2O4,BiFeO3,Fe2 Co1 O4 Fe1 Bi1 O3
36,Fe2 Co1 O4,Fe1 Bi1 O3,,"['CoFe2O4', 'BiFeO3']",8966.0,"cubic, trigonal",32.9,50.0,10.0,60.0,37,32.9,73.151,87.83,sphere,fd-3m,r3c,CoFe2O4@BiFeO3,CoFe2O4@BiFeO3,5.0,0.0,32.9,CoFe2O4,BiFeO3,Fe2 Co1 O4 Fe1 Bi1 O3
37,Co1,Co1 O1,,"['Co', 'CoO']",538.42,"hexagonal, cubic ",30.0,-142.78,0.5,6.0,38,30.0,,,sphere,p63/mmc,fm-3m,Co/CoO,Co/CoO,5.0,0.0,30.0,Co,CoO,Co1 Co1 O1
38,Co1,Co1 O1,,"['Co', 'CoO']",434.0,"hexagonal, cubic ",30.0,-137.21,0.5,6.0,39,30.0,,,sphere,p63/mmc,fm-3m,Co/CoO,Co/CoO,5.0,0.0,30.0,Co,CoO,Co1 Co1 O1
39,Co1,Co1 O1,,"['Co', 'CoO']",280.0,"hexagonal, cubic ",30.0,-71.0,0.5,6.0,40,30.0,,,sphere,p63/mmc,fm-3m,Co/CoO,Co/CoO,5.0,0.0,30.0,Co,CoO,Co1 Co1 O1
40,Co1,Co1 O1,,"['Co', 'CoO']",532.96,"hexagonal, cubic ",30.0,-346.379,0.5,6.0,41,30.0,,,sphere,p63/mmc,fm-3m,Co/CoO,Co/CoO,5.0,0.0,30.0,Co,CoO,Co1 Co1 O1
41,Fe1 Rh1,,,['FeRh'],1661.3845,cubic,25.0,-952.57,1.0,0.1,42,25.0,,,,pm-3m,0,FeRh,FeRh,2.0,0.0,25.0,FeRh,,Fe1 Rh1
42,Fe1 Rh1,,,['FeRh'],1322.79,cubic,25.0,-629.898,1.0,0.1,43,25.0,,,,pm-3m,0,FeRh,FeRh,2.0,0.0,25.0,FeRh,,Fe1 Rh1
43,Fe1 Rh1,,,['FeRh'],1070.862,cubic,25.0,-519.698,1.0,0.1,44,25.0,,,,pm-3m,0,FeRh,FeRh,2.0,0.0,25.0,FeRh,,Fe1 Rh1
44,Fe1 Rh1,,,['FeRh'],881.8975,cubic,25.0,-472.1585,1.0,0.1,45,25.0,,,,pm-3m,0,FeRh,FeRh,2.0,0.0,25.0,FeRh,,Fe1 Rh1
45,Fe1 Rh1,,,['FeRh'],806.3,cubic,200.0,-278.3,5.0,0.1,46,200.0,,,,pm-3m,0,FeRh,FeRh,2.0,0.0,200.0,FeRh,,Fe1 Rh1
46,Fe1 Rh1,,,['FeRh'],697.695,cubic,200.0,-185.144,5.0,0.1,47,200.0,,,,pm-3m,0,FeRh,FeRh,2.0,0.0,200.0,FeRh,,Fe1 Rh1
47,Fe1 Rh1,,,['FeRh'],636.065,cubic,200.0,-108.065,5.0,0.1,48,200.0,,,,pm-3m,0,FeRh,FeRh,2.0,0.0,200.0,FeRh,,Fe1 Rh1
48,Fe1 Rh1,,,['FeRh'],604.83,cubic,200.0,-76.83,5.0,0.1,49,200.0,,,,pm-3m,0,FeRh,FeRh,2.0,0.0,200.0,FeRh,,Fe1 Rh1
49,Mn1 O2,,,['MnO2'],145.0,tetragonal,0.0,-440.0,1.0,80.0,50,1000.0,0.022,6.9,wire,i4/m,0,MnO2,MnO2,5.0,0.07,20.0,MnO2,,Mn1 O2
50,Ag1,Fe3 O4,,"['Ag', 'Fe3O4']",1186.0,"cubic, cubic",65.0,-551.72,5.0,4.0,51,65.0,16.22,60.0,flower,fm-3m,fd-3m,Ag/Fe3O4,Ag/Fe3O4,5.0,,65.0,Ag,Fe3O4,Ag1 Fe3 O4
51,Ag1,Fe3 O4,,"['Ag', 'Fe3O4']",1186.0,"cubic, cubic",65.0,-551.72,1.0,4.0,52,65.0,16.22,60.0,flower,fm-3m,fd-3m,Ag/Fe3O4,Ag/Fe3O4,5.0,,65.0,Ag,Fe3O4,Ag1 Fe3 O4
52,Fe1,Fe2 O3,,"['Fe', 'Fe2O3']",2095.77,"cubic, cubic",11.65,-96.767,5.0,4.0,53,11.65,247.96,384.57,sphere,im-3m,p4332,Fe/γ-Fe2O3,Fe/Fe2O3,5.0,111.36,11.65,Fe,Fe2O3,Fe1 Fe2 O3
53,Fe1,Fe2 O3,,"['Fe', 'Fe2O3']",1812.0,"cubic, cubic",11.65,-1812.0,5.0,4.0,54,11.65,155.91,326.6,sphere,im-3m,p4332,Fe/γ-Fe2O3,Fe/Fe2O3,5.0,157.4,11.65,Fe,Fe2O3,Fe1 Fe2 O3
54,Fe1,Fe2 O3,,"['Fe', 'Fe2O3']",7238.0,"cubic, cubic",11.65,-7238.0,5.0,4.0,55,11.65,117.337,326.6,sphere,im-3m,p4332,Fe/γ-Fe2O3,Fe/Fe2O3,5.0,117.0,11.65,Fe,Fe2O3,Fe1 Fe2 O3
55,Fe1 O1,Fe3 O4,,"['FeO', 'Fe3O4']",,"cubic, cubic",,,0.0,30.0,56,19.2,5.14,35.0,egg,fm-3m,fd-3m,FeO/Fe3O4,FeO/Fe3O4,300.0,0.0,17.3,FeO,Fe3O4,Fe1 O1 Fe3 O4
56,Fe1 O1,Fe3 O4,,"['FeO', 'Fe3O4']",,"cubic, cubic",,,0.0,30.0,57,19.2,8.954,41.0,egg,fm-3m,fd-3m,FeO/Fe3O4,FeO/Fe3O4,300.0,0.0,17.3,FeO,Fe3O4,Fe1 O1 Fe3 O4
57,Fe1 O1,Fe3 O4,,"['FeO', 'Fe3O4']",,"cubic, cubic",,,0.0,30.0,58,19.2,10.8,53.0,egg,fm-3m,fd-3m,FeO/Fe3O4,FeO/Fe3O4,300.0,0.0,17.3,FeO,Fe3O4,Fe1 O1 Fe3 O4
58,Fe1 O1,Fe3 O4,,"['FeO', 'Fe3O4']",13.0,"cubic, cubic",,0.0,0.0,30.0,59,19.2,0.285,37.7,egg,fm-3m,fd-3m,FeO/Fe3O4,FeO/Fe3O4,210.0,0.0,17.3,FeO,Fe3O4,Fe1 O1 Fe3 O4
59,Fe1 O1,Fe3 O4,,"['FeO', 'Fe3O4']",13.0,"cubic, cubic",,-2.5,5.0,30.0,60,19.2,0.294,37.7,egg,fm-3m,fd-3m,FeO/Fe3O4,FeO/Fe3O4,210.0,0.0,17.3,FeO,Fe3O4,Fe1 O1 Fe3 O4
60,Fe1 O1,Fe3 O4,,"['FeO', 'Fe3O4']",521.0,"cubic, monoclinic",,0.0,0.0,30.0,61,19.2,3.095,37.0,egg,fm-3m,fd-3m,FeO/Fe3O4,FeO/Fe3O4,120.0,0.0,17.3,FeO,Fe3O4,Fe1 O1 Fe3 O4
61,Fe1 O1,Fe3 O4,,"['FeO', 'Fe3O4']",560.0,"cubic, monoclinic",,-719.0,5.0,30.0,62,19.2,2.8,37.0,egg,fm-3m,fd-3m,FeO/Fe3O4,FeO/Fe3O4,120.0,3.99,17.3,FeO,Fe3O4,Fe1 O1 Fe3 O4
62,Fe1 O1,Fe3 O4,,"['FeO', 'Fe3O4']",2202.0,"cubic, monoclinic",,0.0,0.0,30.0,63,19.2,5.149,32.9,egg,fm-3m,fd-3m,FeO/Fe3O4,FeO/Fe3O4,2.0,0.0,17.3,FeO,Fe3O4,Fe1 O1 Fe3 O4
63,Fe1 O1,Fe3 O4,,"['FeO', 'Fe3O4']",3195.5,"cubic, monoclinic",,-2878.5,5.0,30.0,64,19.2,8.3485,33.6,egg,fm-3m,fd-3m,FeO/Fe3O4,FeO/Fe3O4,2.0,8.398,17.3,FeO,Fe3O4,Fe1 O1 Fe3 O4
64,Fe1 O1,Fe3 O4,,"['FeO', 'Fe3O4']",628.5,"cubic, monoclinic",,0.0,0.0,30.0,65,19.2,13.33,54.8,egg,fm-3m,fd-3m,FeO/Fe3O4,FeO/Fe3O4,2.0,0.0,17.3,FeO,Fe3O4,Fe1 O1 Fe3 O4
65,Fe1 O1,Fe3 O4,,"['FeO', 'Fe3O4']",767.0,"cubic, monoclinic",,-329.0,5.0,30.0,66,19.2,22.313,54.8,egg,fm-3m,fd-3m,FeO/Fe3O4,FeO/Fe3O4,2.0,9.188,17.3,FeO,Fe3O4,Fe1 O1 Fe3 O4
66,Ni1 O1,,,['NiO'],87.02,cubic,,0.0,0.0,15.0,67,34.4,2.65,0.18,rod,fm-3m,0,NiO,NiO,300.0,0.0,10.97,NiO,,Ni1 O1
67,Fe3 O4,,,['Fe3O4'],22.41,cubic,33.0,0.0,0.0,15.0,68,33.0,1.65,70.264,sphere,fd-3m,0,Fe3O4,Fe3O4,300.0,0.0,33.0,Fe3O4,,Fe3 O4
68,Fe3 O4,Ni1 O1,,"['Fe3O4', 'NiO']",37.09,"cube, cube",52.02,0.0,0.0,15.0,69,52.02,1.35,31.33,sphere,fm-3m,fd-3m,NiO/Fe3O4,NiO/Fe3O4,300.0,0.0,52.02,Fe3O4,NiO,Fe3 O4 Ni1 O1
69,Ni1 O1,Fe3 O4,,"['NiO', 'Fe3O4']",100.29,"cube, cube",31.75,0.0,0.0,15.0,70,31.75,2.16,40.03,sphere,fd-3m,fm-3m,Fe3O4/NiO,Fe3O4/NiO,300.0,0.0,31.75,NiO,Fe3O4,Ni1 O1 Fe3 O4
70,Fe3 O4,Ni1 O1,,"['Fe3O4', 'NiO']",95.69,"cube, cube",52.02,-329.43,,15.0,71,52.02,8.6,33.0,sphere,fm-3m,fd-3m,NiO/Fe3O4,NiO/Fe3O4,60.0,8.6,52.02,Fe3O4,NiO,Fe3 O4 Ni1 O1
71,Ni1 O1,Fe3 O4,,"['NiO', 'Fe3O4']",145.18,"cube, cube",31.75,145.18,,15.0,72,31.75,8.16,44.89,sphere,fd-3m,fm-3m,Fe3O4/NiO,Fe3O4/NiO,60.0,-8.16,31.75,NiO,Fe3O4,Ni1 O1 Fe3 O4
72,Fe4 Bi2 O9,Fe1 Bi1 O3,,"['Bi2Fe4O9', 'BiFeO3']",1300.0,trigonal,19.0,-1600.0,5.0,50.0,73,19.0,0.052,,flower,pbam,r3c,Bi2Fe4O9/BiFeO3,Bi2Fe4O9/BiFeO3,2.0,0.053,19.0,Bi2Fe4O9,BiFeO3,Fe4 Bi2 O9 Fe1 Bi1 O3
73,Fe1 Bi1 O3,Fe4 Bi2 O9,,"['BiFeO3', 'Bi2Fe4O9']",1225.0,"trigonal, orthorhombic",13.0,1825.0,5.0,50.0,74,13.0,0.046,,flower,r3c,pbam,BiFeO3/Bi2Fe4O9,BiFeO3/Bi2Fe4O9,2.0,0.054,13.0,BiFeO3,Bi2Fe4O9,Fe1 Bi1 O3 Fe4 Bi2 O9
74,Fe1 Bi1 O3,Fe4 Bi2 O9,,"['BiFeO3', 'Bi2Fe4O9']",900.0,"trigonal, orthorhombic",19.0,-1500.0,5.0,50.0,75,19.0,0.0365,,flower,r3c,pbam,BiFeO3/Bi2Fe4O9,BiFeO3/Bi2Fe4O9,2.0,0.058,19.0,BiFeO3,Bi2Fe4O9,Fe1 Bi1 O3 Fe4 Bi2 O9
75,Fe1 Bi1 O3,Fe4 Bi2 O9,,"['BiFeO3', 'Bi2Fe4O9']",750.0,"trigonal, orthorhombic",13.0,1650.0,5.0,50.0,76,13.0,0.049,,flower,r3c,pbam,BiFeO3/Bi2Fe4O9,BiFeO3/Bi2Fe4O9,2.0,0.061,13.0,BiFeO3,Bi2Fe4O9,Fe1 Bi1 O3 Fe4 Bi2 O9
76,Ti1 O2,Fe2 O3,,"['TiO2', 'Fe2O3']",449.38,"tetragonal, cubic",12.9,9.41,0.0,40.0,77,12.9,17.6,52.0,,p42/mnm,p4132,TiO2/Fe2O3,TiO2/Fe2O3,2.0,0.0,12.9,TiO2,Fe2O3,Ti1 O2 Fe2 O3
77,Ti1 O2,Fe2 O3,,"['TiO2', 'Fe2O3']",477.614,"tetragonal, cubic",12.9,-84.7,1.0,40.0,78,12.9,22.13,51.385,,p42/mnm,p4132,TiO2/Fe2O3,TiO2/Fe2O3,2.0,3.77,12.9,TiO2,Fe2O3,Ti1 O2 Fe2 O3
78,Ti1 O2,Fe2 O3,,"['TiO2', 'Fe2O3']",471.34,"tetragonal, cubic",12.9,-71.36,2.0,60.0,79,12.9,21.98,52.18,,p42/mnm,p4132,TiO2/Fe2O3,TiO2/Fe2O3,2.0,3.3,12.9,TiO2,Fe2O3,Ti1 O2 Fe2 O3
79,Ti1 O2,Fe2 O3,,"['TiO2', 'Fe2O3']",453.4,"tetragonal, cubic",12.9,-64.764,4.0,60.0,80,12.9,21.963,,,p42/mnm,p4132,TiO2/Fe2O3,TiO2/Fe2O3,2.0,2.8,12.9,TiO2,Fe2O3,Ti1 O2 Fe2 O3
80,Ti1 O2,Fe2 O3,,"['TiO2', 'Fe2O3']",415.0,"tetragonal, cubic",12.9,5.0,0.0,40.0,81,12.9,17.09,50.3,,p42/mnm,p4132,TiO2/Fe2O3,TiO2/Fe2O3,10.0,0.0,12.9,TiO2,Fe2O3,Ti1 O2 Fe2 O3
81,Ti1 O2,Fe2 O3,,"['TiO2', 'Fe2O3']",429.0,"tetragonal, cubic",12.9,-49.725,1.0,40.0,82,12.9,19.818,50.275,,p42/mnm,p4132,TiO2/Fe2O3,TiO2/Fe2O3,10.0,2.546,12.9,TiO2,Fe2O3,Ti1 O2 Fe2 O3
82,Ti1 O2,Fe2 O3,,"['TiO2', 'Fe2O3']",421.24,"tetragonal, cubic",12.9,-41.96,3.0,60.0,83,12.9,19.4,48.91,,p42/mnm,p4132,TiO2/Fe2O3,TiO2/Fe2O3,10.0,2.4,12.9,TiO2,Fe2O3,Ti1 O2 Fe2 O3
83,Ti1 O2,Fe2 O3,,"['TiO2', 'Fe2O3']",55.122,"tetragonal, cubic",12.9,2.42,0.0,40.0,84,12.9,3.195,51.0,,p42/mnm,p4132,TiO2/Fe2O3,TiO2/Fe2O3,100.0,0.0,12.9,TiO2,Fe2O3,Ti1 O2 Fe2 O3
84,Ti1 O2,Fe2 O3,,"['TiO2', 'Fe2O3']",53.78,"tetragonal, cubic",12.9,2.42,1.0,40.0,85,12.9,3.345,48.85,,p42/mnm,p4132,TiO2/Fe2O3,TiO2/Fe2O3,100.0,-0.1,12.9,TiO2,Fe2O3,Ti1 O2 Fe2 O3
85,Ti1 O2,Fe2 O3,,"['TiO2', 'Fe2O3']",53.0,"tetragonal, cubic",12.9,2.42,2.0,60.0,86,12.9,3.375,50.6,,p42/mnm,p4132,TiO2/Fe2O3,TiO2/Fe2O3,100.0,-0.66,12.9,TiO2,Fe2O3,Ti1 O2 Fe2 O3
86,Ti1 O2,Fe2 O3,,"['TiO2', 'Fe2O3']",20.115,"tetragonal, cubic",12.9,1.355,0.0,40.0,87,12.9,1.442,52.5,,p42/mnm,p4132,TiO2/Fe2O3,TiO2/Fe2O3,300.0,0.0,12.9,TiO2,Fe2O3,Ti1 O2 Fe2 O3
87,Ti1 O2,Fe2 O3,,"['TiO2', 'Fe2O3']",19.88,"tetragonal, cubic",12.9,-0.6585,1.0,40.0,88,12.9,1.438,46.11,,p42/mnm,p4132,TiO2/Fe2O3,TiO2/Fe2O3,300.0,-0.139,12.9,TiO2,Fe2O3,Ti1 O2 Fe2 O3
88,Ti1 O2,Fe2 O3,,"['TiO2', 'Fe2O3']",20.814,"tetragonal, cubic",12.9,-0.659,2.0,60.0,89,12.9,1.5775,45.78,,p42/mnm,p4132,TiO2/Fe2O3,TiO2/Fe2O3,300.0,-0.0695,12.9,TiO2,Fe2O3,Ti1 O2 Fe2 O3
89,Fe3 O4,,,['Fe3O4'],624.1,cube,15.0,-15.0,3.0,20.0,90,15.0,33.04,57.0,sphere,fd-3m,0,Fe3O4,Fe3O4,5.0,3.8,15.0,Fe3O4,,Fe3 O4
90,Fe13 Co2 O20,,,['Co0.4Fe2.6O4'],8336.0,cube,16.8,-52.0,3.0,20.0,91,16.8,43.5,55.0,quasi-spherical,fd-3m,0,Co0.4Fe2.6O4,CoFe6.5O10,5.0,2.15,16.8,Co0.4Fe2.6O4,,Fe13 Co2 O20
91,Fe23 Co7 O40,,,['Co0.7Fe2.3O4'],10760.0,cube,18.6,-70.0,3.0,20.0,92,18.6,36.47,51.0,quasi-spherical,fd-3m,0,Co0.7Fe2.3O4,CoFe3.22O5.6,5.0,0.0,18.6,Co0.7Fe2.3O4,,Fe23 Co7 O40
92,Fe2 Co1 O4,,,['CoFe2O4'],14563.0,cube,20.0,-20.0,3.0,20.0,93,20.0,32.22,45.0,quasi-spherical,fd-3m,0,CoFe2O4,CoFe2O4,5.0,2.48,20.0,CoFe2O4,,Fe2 Co1 O4
93,Fe1 Bi1 O3,,,['BiFeO3'],1219.58,trigonal,18.0,-1219.58,6.5,50.0,94,18.0,0.0485,1.259,sphere,r3c,0,BiFeO3,BiFeO3,10.0,0.0485,18.0,BiFeO3,,Fe1 Bi1 O3
94,Fe1 Bi1 O3,,,['BiFeO3'],429.82,trigonal,18.0,-1182.0,6.5,50.0,95,18.0,0.0105,0.8455,sphere,r3c,0,BiFeO3,BiFeO3,130.0,0.031,18.0,BiFeO3,,Fe1 Bi1 O3
95,Fe1 Bi1 O3,,,['BiFeO3'],1500.0,trigonal,18.0,342.15,6.5,50.0,96,18.0,0.025,0.646,sphere,r3c,0,BiFeO3,BiFeO3,300.0,0.006,18.0,BiFeO3,,Fe1 Bi1 O3
96,Fe1 Bi1 O3,,,['BiFeO3'],1361.93,trigonal,18.0,0.0,0.0,50.0,97,18.0,0.057,1.24,sphere,r3c,0,BiFeO3,BiFeO3,10.0,0.0,18.0,BiFeO3,,Fe1 Bi1 O3
97,Fe1 Bi1 O3,,,['BiFeO3'],901.82,trigonal,18.0,0.0,0.0,50.0,98,18.0,0.025,0.84,sphere,r3c,0,BiFeO3,BiFeO3,130.0,0.0,18.0,BiFeO3,,Fe1 Bi1 O3
98,Fe1 Bi1 O3,,,['BiFeO3'],2309.79,trigonal,18.0,0.0,0.0,50.0,99,18.0,0.039,0.672,sphere,r3c,0,BiFeO3,BiFeO3,300.0,0.0,18.0,BiFeO3,,Fe1 Bi1 O3
99,Fe7 Co3,,,['Fe0.7Co0.3'],3999.6,cubic,45.0,-0.1,,30.0,100,45.0,34.3,63.0,cube,im-3m,0,FeCo,FeCo,10.0,,45.0,Fe0.7Co0.3,,Fe7 Co3
100,Fe7 Co3,,,['Fe0.7Co0.3'],1299.65,cubic,48.0,399.95,,30.0,101,48.0,28.0,59.95,cube,im-3m,0,FeCo,FeCo,150.0,,48.0,Fe0.7Co0.3,,Fe7 Co3
101,Fe7 Co3,,,['Fe0.7Co0.3'],849.7,cubic,51.0,49.9,,30.0,102,51.0,22.25,55.4,cube,im-3m,0,FeCo,FeCo,300.0,,51.0,Fe0.7Co0.3,,Fe7 Co3
102,Fe1 Co1,,,['Fe0.5Co0.5'],2899.7,cubic,45.0,0.0,,30.0,103,45.0,39.33,97.3,cube,im-3m,0,FeCo,FeCo,10.0,,45.0,Fe0.5Co0.5,,Fe1 Co1
103,Fe1 Co1,,,['Fe0.5Co0.5'],1499.0,cubic,48.0,0.0,,30.0,104,48.0,32.0,97.45,cube,im-3m,0,FeCo,FeCo,150.0,,48.0,Fe0.5Co0.5,,Fe1 Co1
104,Fe1 Co1,,,['Fe0.5Co0.5'],799.65,cubic,51.0,0.05,,30.0,105,51.0,21.0,90.95,cube,im-3m,0,FeCo,FeCo,300.0,,51.0,Fe0.5Co0.5,,Fe1 Co1
105,Fe3 Co7,,,['Fe0.3Co0.7'],3999.65,cubic,45.0,0.05,,30.0,106,45.0,21.6,18.3,cube,im-3m,0,FeCo,FeCo,10.0,,45.0,Fe0.3Co0.7,,Fe3 Co7
106,Fe3 Co7,,,['Fe0.3Co0.7'],2299.75,cubic,48.0,99.95,,30.0,107,48.0,18.0,13.0,cube,im-3m,0,FeCo,FeCo,150.0,,48.0,Fe0.3Co0.7,,Fe3 Co7
107,Fe3 Co7,,,['Fe0.3Co0.7'],1099.75,cubic,51.0,-0.05,,30.0,108,51.0,11.7,10.85,cube,im-3m,0,FeCo,FeCo,300.0,,51.0,Fe0.3Co0.7,,Fe3 Co7
108,Fe1 O1,Fe3 O4,,"['FeO', 'Fe3O4']",1804.3,"cubic, cubic",20.0,-1804.0,7.0,60.0,109,20.0,7.735,24.75,cube,fm-3m,fd-3m,FeO/Fe3O4,FeO/Fe3O4,5.0,7.735,20.0,FeO,Fe3O4,Fe1 O1 Fe3 O4
109,Fe1 O1,Fe3 O4,,"['FeO', 'Fe3O4']",1620.97,"cubic, cubic",16.0,-781.28,7.0,60.0,110,16.0,10.5,25.45,sphere,fm-3m,fd-3m,FeO/Fe3O4,FeO/Fe3O4,5.0,3.74,16.0,FeO,Fe3O4,Fe1 O1 Fe3 O4
110,Fe1 O1,Fe3 O4,,"['FeO', 'Fe3O4']",2044.82,"cubic, cubic",25.0,-1022.0,7.0,60.0,111,25.0,7.1,19.21,octopod,fm-3m,fd-3m,FeO/Fe3O4,FeO/Fe3O4,5.0,3.717,25.0,FeO,Fe3O4,Fe1 O1 Fe3 O4
111,Fe1 O1,Fe3 O4,,"['FeO', 'Fe3O4']",681.83,"cubic, cubic",14.0,-471.0,0.1,52.5,112,14.0,10.0,20.0,octahedral ,fm-3m,fd-3m,FeO/Fe3O4,FeO/Fe3O4,20.0,0.0,14.0,FeO,Fe3O4,Fe1 O1 Fe3 O4
112,Fe1 O1,Fe3 O4,,"['FeO', 'Fe3O4']",2762.0,"cubic, cubic",32.0,-2762.0,1.0,20.0,113,32.0,6.795,54.36,cubic,fm-3m,fd-3m,FeO/Fe3O4,FeO/Fe3O4,2.0,3.125,32.0,FeO,Fe3O4,Fe1 O1 Fe3 O4
113,Fe1 O1,Fe3 O4,,"['FeO', 'Fe3O4']",2396.15,"cubic, cubic",35.0,-2250.0,1.0,20.0,114,35.0,9.495,31.729,cubic,fm-3m,fd-3m,FeO/Fe3O4,FeO/Fe3O4,2.0,2.0,35.0,FeO,Fe3O4,Fe1 O1 Fe3 O4
114,Fe1 O1,Fe3 O4,,"['FeO', 'Fe3O4']",959.2,"cubic, cubic",35.0,-583.0,1.0,20.0,115,35.0,13.638,44.14,triangle,fm-3m,fd-3m,FeO/Fe3O4,FeO/Fe3O4,2.0,7.934,35.0,FeO,Fe3O4,Fe1 O1 Fe3 O4
115,Fe1,Fe3 O4,,"['Fe', 'Fe3O4']",1897.0,"cubic, orthorhombic",13.8,-1190.0,1.0,10.0,116,13.8,28.9,31.0,sphere,im-3m,pnma,Fe/Fe3O4,Fe/Fe3O4,5.0,,13.8,Fe,Fe3O4,Fe1 Fe3 O4
116,Fe3 O4,,,['Fe3O4'],862.0,cubic,16.0,-133.0,1.0,10.0,117,16.0,76.8,84.0,sphere,pnma,0,Fe3O4,Fe3O4,5.0,,16.0,Fe3O4,,Fe3 O4
117,Fe1,Fe2 O3,,"['Fe', 'Fe2O3']",1361.79,"cubic,  cubic",15.0,-20.0,5.0,60.0,118,15.0,,15.1225,sphere,im-3m,p4332,Fe/γ-Fe2O3,Fe/γ-Fe2O3,30.0,,15.0,Fe,Fe2O3,Fe1 Fe2 O3
118,Fe1,Fe2 O3,,"['Fe', 'Fe2O3']",2544.74,"cubic,  cubic",10.0,-1071.526,5.0,60.0,119,10.0,,15.2465,sphere,im-3m,p4332,Fe/γ-Fe2O3,Fe/γ-Fe2O3,15.0,,10.0,Fe,Fe2O3,Fe1 Fe2 O3
119,Fe1,Fe2 O3,,"['Fe', 'Fe2O3']",2545.0,"cubic,  cubic",8.0,-2188.0,5.0,60.0,120,8.0,,15.2465,sphere,im-3m,p4332,Fe/γ-Fe2O3,Fe/γ-Fe2O3,10.0,,8.0,Fe,Fe2O3,Fe1 Fe2 O3
120,Fe1,Fe2 O3,,"['Fe', 'Fe2O3']",,"cubic,  cubic",15.0,-1600.0,1.0,60.0,121,15.0,,,sphere,im-3m,p4332,Fe/γ-Fe2O3,Fe/γ-Fe2O3,5.0,,15.0,Fe,Fe2O3,Fe1 Fe2 O3
121,Fe1,Fe2 O3,,"['Fe', 'Fe2O3']",,"cubic,  cubic",10.0,-3500.0,1.0,60.0,122,10.0,,,sphere,im-3m,p4332,Fe/γ-Fe2O3,Fe/γ-Fe2O3,5.0,,10.0,Fe,Fe2O3,Fe1 Fe2 O3
122,Fe1 O1,Fe3 O4,,"['FeO', 'Fe3O4']",1538.46,"cubic,  cubic",18.0,-1000.0,0.0,50.0,123,18.0,16.23,38.9,octahedral ,fm-3m,fd-3m,FeO/Fe3O4,FeO/Fe3O4,300.0,,18.0,FeO,Fe3O4,Fe1 O1 Fe3 O4
123,Fe1,Fe2 O3,,"['Fe', 'Fe2O3']",10873.37,"cubic,  cubic",11.3,-22459.0,7.0,10.0,124,11.3,0.9845,0.989,sphere,im-3m,p4332,Fe/γ-Fe2O3,Fe/γ-Fe2O3,5.0,2.046,11.3,Fe,Fe2O3,Fe1 Fe2 O3
124,Fe1,Fe2 O3,,"['Fe', 'Fe2O3']",14972.9325,"cubic,  cubic",11.3,-18003.0,9.0,10.0,125,11.3,1.3525,5.227,sphere,im-3m,p4332,Fe/γ-Fe2O3,Fe/γ-Fe2O3,5.0,1.957,11.3,Fe,Fe2O3,Fe1 Fe2 O3
125,Fe1,Fe2 O3,,"['Fe', 'Fe2O3']",,"cubic,  cubic",17.9,-140.0,2.0,20.0,126,17.9,,,sphere,im-3m,p4332,Fe/γ-Fe2O3,Fe/γ-Fe2O3,5.0,,17.9,Fe,Fe2O3,Fe1 Fe2 O3
126,Fe1,Fe2 O3,,"['Fe', 'Fe2O3']",1359.636,"cubic,  cubic",23.3,-964.9,1.36,20.0,127,23.3,7.2,20.862,sphere,im-3m,p4332,Fe/γ-Fe2O3,Fe/γ-Fe2O3,5.0,4.79,23.3,Fe,Fe2O3,Fe1 Fe2 O3
127,La2 Mn1 Fe1 O6,,,['La2FeMnO6'],933.92,orthorhombic,,-932.0,0.1,15.0,128,,0.78,7.538,,pnma,0,La2FeMnO6,La2FeMnO6,15.0,-0.01,,La2FeMnO6,,La2 Mn1 Fe1 O6
128,La2 Mn1 Fe1 O6,,,['La2FeMnO6'],206.0,orthorhombic,,-865.6,0.1,15.0,129,,0.5365,5.942,,pnma,0,La2FeMnO6,La2FeMnO6,50.0,-0.0315,,La2FeMnO6,,La2 Mn1 Fe1 O6
129,La2 Mn1 Fe1 O6,,,['La2FeMnO6'],176.327,orthorhombic,,-122.374,0.1,15.0,130,,0.222,20.87,,pnma,0,La2FeMnO6,La2FeMnO6,100.0,-0.02,,La2FeMnO6,,La2 Mn1 Fe1 O6
130,La2 Mn1 Fe1 O6,,,['La2FeMnO6'],919.3,orthorhombic,,-510.4,0.1,15.0,131,,,,,pnma,0,La2FeMnO6,La2FeMnO6,250.0,,,La2FeMnO6,,La2 Mn1 Fe1 O6
131,V1 Fe1 O4,Fe3 O4,,"['FeVO4', 'Fe3O4']",107.0,"triclinic,cubic ",40.0,-13.0,2.0,10.0,132,40.0,,,sphere,p1,fd-3m,FeVO4-Fe3O4,FeVO4-Fe3O4,5.0,,40.0,FeVO4,Fe3O4,V1 Fe1 O4 Fe3 O4
132,V1 Fe1 O4,Fe3 O4,,"['FeVO4', 'Fe3O4']",450.0,"triclinic,cubic ",40.0,-78.0,2.0,10.0,133,40.0,,,sphere,p1,fd-3m,FeVO4-Fe3O4,FeVO4-Fe3O4,5.0,,40.0,FeVO4,Fe3O4,V1 Fe1 O4 Fe3 O4
133,La1 Fe1 O3,,,['LaFeO3'],5250.0,cubic,44.0,-650.0,0.0,20.0,134,44.0,0.00091,0.0025,sphere,pm-3m,0,LaFeO3,LaFeO3,300.0,,44.0,LaFeO3,,La1 Fe1 O3
134,La1 Fe1 O3,,,['LaFeO3'],4750.0,cubic,49.0,-254.0,0.0,20.0,135,49.0,0.000363,0.0035,sphere,pm-3m,0,LaFeO3,LaFeO3,300.0,,49.0,LaFeO3,,La1 Fe1 O3
135,La1 Fe1 O3,,,['LaFeO3'],1750.0,cubic,64.0,-250.0,0.0,20.0,136,64.0,0.000227,0.0035,sphere,pm-3m,0,LaFeO3,LaFeO3,300.0,,64.0,LaFeO3,,La1 Fe1 O3
136,La1 Fe1 O3,,,['LaFeO3'],1000.0,cubic,44.0,-2275.0,8.0,20.0,137,44.0,,,sphere,pm-3m,0,LaFeO3,LaFeO3,10.0,,44.0,LaFeO3,,La1 Fe1 O3
137,La1 Fe1 O3,,,['LaFeO3'],1125.0,cubic,49.0,-2120.0,8.0,20.0,138,49.0,,,sphere,pm-3m,0,LaFeO3,LaFeO3,10.0,,49.0,LaFeO3,,La1 Fe1 O3
138,La1 Fe1 O3,,,['LaFeO3'],750.0,cubic,64.0,-800.0,8.0,20.0,139,64.0,,,sphere,pm-3m,0,LaFeO3,LaFeO3,10.0,,64.0,LaFeO3,,La1 Fe1 O3
139,La1 Fe1 O3,,,['LaFeO3'],5275.5,orthorhombic,37.86,-511.81,,10.0,140,37.86,0.0037,0.0045,sphere,pnma,0,LaFeO3,LaFeO3,300.0,0.0,37.86,LaFeO3,,La1 Fe1 O3
140,La1 Fe1 O3,,,['LaFeO3'],1063.17,orthorhombic,43.0,-1972.0,0.8,10.0,141,43.0,0.00225,0.0047,sphere,pnma,0,LaFeO3,LaFeO3,10.0,0.000145,43.0,LaFeO3,,La1 Fe1 O3
141,Au1,Fe3 O4,,"['Au', 'Fe3O4']",3257.5,"cubic, cubic",11.9,-1814.6,5.0,60.0,142,11.9,,,sphere,fm-3m,fd-3m,Au-Fe3O4,Au-Fe3O4,2.0,,11.9,Au,Fe3O4,Au1 Fe3 O4
142,Au1,Fe3 O4,,"['Au', 'Fe3O4']",,"cubic, cubic",11.9,-1350.0,5.0,60.0,143,11.9,,,sphere,fm-3m,fd-3m,Au-Fe3O4,Au-Fe3O4,2.0,,11.9,Au,Fe3O4,Au1 Fe3 O4
143,Au1,Fe3 O4,,"['Au', 'Fe3O4']",502.31,"cubic, cubic",10.5,-502.0,5.0,60.0,144,10.5,,,sphere,fm-3m,fd-3m,Au-Fe3O4,Au-Fe3O4,100.0,,10.5,Au,Fe3O4,Au1 Fe3 O4
144,Fe3 O4,,,['Fe3O4'],181.0,cubic,9.8,-181.0,5.0,60.0,145,9.8,,,sphere,fd-3m,0,Fe3O4,Fe3O4,200.0,,9.8,Fe3O4,,Fe3 O4
145,Gd1 Ti1 Fe9 Bi9 O30,,,['Bi0.9Gd0.1Fe0.9Ti0.1O3'],6000.0,hexagonal,12.0,-79.0,6.0,30.0,146,12.0,0.8,2.6,sphere,,0,Bi0.9Gd0.1Fe0.9Ti0.1O3,Bi0.9Gd0.1Fe0.9Ti0.1O3,150.0,0.006,12.0,Bi0.9Gd0.1Fe0.9Ti0.1O3,,Gd1 Ti1 Fe9 Bi9 O30
146,Sr11 Nd39 Co50 Cu97 O150,,,['Nd0.78Sr0.22CoO3'],6088.8,orthorhombic,89.0,-149.24,0.2,70.0,147,89.0,1.0,29.4,sphere,pnma,0,Nd0.78Sr0.22CoO3,Nd0.78Sr0.22CoO3,2.0,0.0,89.0,Nd0.78Sr0.22CoO3,,Sr11 Nd39 Co50 Cu97 O150
147,Sr11 Nd39 Co50 Cu97 O150,,,['Nd0.78Sr0.22CoO3'],8899.6785,orthorhombic,89.0,-30.67,5.0,70.0,148,89.0,1.7,21.626,sphere,pnma,0,Nd0.78Sr0.22CoO3,Nd0.78Sr0.22CoO3,8.0,0.0,89.0,Nd0.78Sr0.22CoO3,,Sr11 Nd39 Co50 Cu97 O150
148,Sr11 Nd39 Co50 Cu97 O150,,,['Nd0.78Sr0.22CoO3'],6342.6,orthorhombic,90.0,-402.9,5.0,70.0,149,90.0,2.536,20.4,sphere,pnma,0,Nd0.78Sr0.22CoO3,Nd0.78Sr0.22CoO3,10.0,0.0,90.0,Nd0.78Sr0.22CoO3,,Sr11 Nd39 Co50 Cu97 O150
149,Sr11 Nd39 Co50 Cu97 O150,,,['Nd0.78Sr0.22CoO3'],2142.85,orthorhombic,89.0,,5.0,70.0,150,89.0,3.33,13.44,sphere,pnma,0,Nd0.78Sr0.22CoO3,Nd0.78Sr0.22CoO3,50.0,0.0,89.0,Nd0.78Sr0.22CoO3,,Sr11 Nd39 Co50 Cu97 O150
150,Sr11 Nd39 Co50 Cu97 O150,,,['Nd0.78Sr0.22CoO3'],2144.5,orthorhombic,89.0,,5.0,70.0,151,89.0,3.768,10.1,sphere,pnma,0,Nd0.78Sr0.22CoO3,Nd0.78Sr0.22CoO3,75.0,0.0,89.0,Nd0.78Sr0.22CoO3,,Sr11 Nd39 Co50 Cu97 O150
151,Sr11 Nd39 Co50 Cu97 O150,,,['Nd0.78Sr0.22CoO3'],1458.4,orthorhombic,89.0,,5.0,70.0,152,89.0,3.768,8.6,sphere,pnma,0,Nd0.78Sr0.22CoO3,Nd0.78Sr0.22CoO3,100.0,0.0,89.0,Nd0.78Sr0.22CoO3,,Sr11 Nd39 Co50 Cu97 O150
152,Fe3 O4,Co1 O1,,"['Fe3O4', 'CoO']",20800.0,"cubic, cubic",6.74,-2800.0,10.0,45.0,153,6.74,,,sphere,fd-3m,fm-3m,Fe3O4/CoO,Fe3O4/CoO,5.0,,6.74,Fe3O4,CoO,Fe3 O4 Co1 O1
153,Fe3 O4,Co1 O1,,"['Fe3O4', 'CoO']",17600.0,"cubic, cubic",6.74,-2600.0,10.0,45.0,154,6.74,,,sphere,fd-3m,fm-3m,Fe3O4/CoO,Fe3O4/CoO,5.0,,6.74,Fe3O4,CoO,Fe3 O4 Co1 O1
154,Fe2 Co1 O4,,,['CoFe2O4'],9460.0,cubic,9.3,0.0,0.0,60.0,155,9.3,48.0,86.9,sphere,fd-3m,0,CoFe2O4,CoFe2O4,5.0,0.0,9.3,CoFe2O4,,Fe2 Co1 O4
155,Fe2 Co1 O4,Co1 O1,,"['CoFe2O4', 'CoO']",11900.0,"cubic, cubic",12.4,0.0,0.0,60.0,156,12.4,30.0,55.3,sphere,fd-3m,fm-3m,CoFe2O4-CoO,CoFe2O4-CoO,5.0,0.0,12.4,CoFe2O4,CoO,Fe2 Co1 O4 Co1 O1
156,Fe2 Co1 O4,,,['CoFe2O4'],9470.0,cubic,9.3,0.0,7.0,60.0,157,9.3,48.0,86.9,sphere,fd-3m,0,CoFe2O4,CoFe2O4,5.0,0.0,9.3,CoFe2O4,,Fe2 Co1 O4
157,Fe2 Co1 O4,Co1 O1,,"['CoFe2O4', 'CoO']",13950.0,"cubic, cubic",12.4,-3650.0,7.0,60.0,158,12.4,39.1,55.7,sphere,fd-3m,fm-3m,CoFe2O4-CoO,CoFe2O4-CoO,5.0,0.0,12.4,CoFe2O4,CoO,Fe2 Co1 O4 Co1 O1
158,Cu98,Fe1 O50,,"['Cu0.98', 'Fe0.02O']",14.0,"cubic, cubic",12.6,,0.0,80.0,159,12.6,0.0003,0.025,sphere,im-3m,fm-3m,Fe/CuO,Fe/CuO,300.0,,12.6,Cu0.98,Fe0.02O,Cu98 Fe1 O50
159,Cu96,Fe1 O25,,"['Cu0.96', 'Fe0.04O']",17.0,"cubic, cubic",7.9,,0.0,80.0,160,7.9,0.0022,0.172,sphere,im-3m,fm-3m,Fe/CuO,Fe/CuO,300.0,,7.9,Cu0.96,Fe0.04O,Cu96 Fe1 O25
160,Cu98,Fe1 O50,,"['Cu0.98', 'Fe0.02O']",761.0,"cubic, cubic",12.6,,,80.0,161,12.6,0.012,0.115,sphere,im-3m,fm-3m,Fe/CuO,Fe/CuO,10.0,,12.6,Cu0.98,Fe0.02O,Cu98 Fe1 O50
161,Cu96,Fe1 O25,,"['Cu0.96', 'Fe0.04O']",995.0,"cubic, cubic",7.9,,,80.0,162,7.9,0.082,0.344,sphere,im-3m,fm-3m,Fe/CuO,Fe/CuO,10.0,,7.9,Cu0.96,Fe0.04O,Cu96 Fe1 O25
162,Cu98,Fe1 O50,,"['Cu0.98', 'Fe0.02O']",91.0,"cubic, cubic",12.6,-249.0,,80.0,163,12.6,0.0386,,sphere,im-3m,fm-3m,Fe/CuO,Fe/CuO,100.0,,12.6,Cu0.98,Fe0.02O,Cu98 Fe1 O50
163,Cu96,Fe1 O25,,"['Cu0.96', 'Fe0.04O']",25.0,"cubic, cubic",7.9,-94.0,,80.0,164,7.9,0.132,,sphere,im-3m,fm-3m,Fe/CuO,Fe/CuO,100.0,,7.9,Cu0.96,Fe0.04O,Cu96 Fe1 O25
164,Cu98,Fe1 O50,,"['Cu0.98', 'Fe0.02O']",247.0,"cubic, cubic",12.6,-1335.0,,80.0,165,12.6,0.0193,,sphere,im-3m,fm-3m,Fe/CuO,Fe/CuO,5.0,,12.6,Cu0.98,Fe0.02O,Cu98 Fe1 O50
165,Cu96,Fe1 O25,,"['Cu0.96', 'Fe0.04O']",41.0,"cubic, cubic",7.9,-1318.0,,80.0,166,7.9,0.027,,sphere,im-3m,fm-3m,Fe/CuO,Fe/CuO,5.0,,7.9,Cu0.96,Fe0.04O,Cu96 Fe1 O25
166,Fe2 O3,,,['Fe2O3'],115.005,trigonal,17.0,-131.0,0.0,40.0,167,17.0,0.015,,hexahedron,r3c,0,α-Fe2O3,α-Fe2O3,30.0,0.00027,17.0,Fe2O3,,Fe2 O3
167,Fe2 O3,,,['Fe2O3'],125.23,trigonal,17.0,-165.23,0.0,40.0,168,17.0,0.002,,hexahedron,r3c,0,α-Fe2O3,α-Fe2O3,30.0,0.00247,17.0,Fe2O3,,Fe2 O3
168,Fe2 O3,,,['Fe2O3'],250.0,trigonal,17.0,-1025.0,2.0,40.0,169,17.0,0.0038,,hexahedron,r3c,0,α-Fe2O3,α-Fe2O3,100.0,,17.0,Fe2O3,,Fe2 O3
169,Fe2 O3,,,['Fe2O3'],579.15,trigonal,17.0,-113.5,2.0,40.0,170,17.0,0.0851,,hexahedron,r3c,0,α-Fe2O3,α-Fe2O3,200.0,,17.0,Fe2O3,,Fe2 O3
170,Ni1 O1,,,['NiO'],2285.7,cubic,4.0,-900.0,8.0,80.0,171,4.0,0.4,5.8,quasi-sphere,fm-3m,0,NiO,NiO,5.0,0.0107,4.0,NiO,,Ni1 O1
171,Ni1 O1,,,['NiO'],2857.1,cubic,9.0,-2750.0,8.0,80.0,172,9.0,0.413,3.05,quasi-sphere,fm-3m,0,NiO,NiO,5.0,0.186,9.0,NiO,,Ni1 O1
172,Fe1 Bi1 O3,,,['BiFeO3'],239.34,trigonal,20.0,250.0,2.0,20.0,173,20.0,0.079,1.5745,sphere,r3c,0,BiFeO3,BiFeO3,300.0,0.079,20.0,BiFeO3,,Fe1 Bi1 O3
173,Fe1 Bi1 O3,,,['BiFeO3'],1135.5,trigonal,30.0,984.37,2.0,20.0,174,30.0,0.117,1.585,sphere,r3c,0,BiFeO3,BiFeO3,300.0,0.092,30.0,BiFeO3,,Fe1 Bi1 O3
174,Fe1 Bi1 O3,,,['BiFeO3'],1041.71,trigonal,40.0,-677.0,2.0,20.0,175,40.0,0.119,1.1835,sphere,r3c,0,BiFeO3,BiFeO3,300.0,0.047,40.0,BiFeO3,,Fe1 Bi1 O3
175,Sr3 La17 Fe20 O60,,,['La0.85Sr0.15FeO3'],2812.5,orthorhombic,18.49,-812.5,,15.0,176,18.49,17.71,30.0,sphere,pnma,0,La0.85Sr0.15FeO3,La0.85Sr0.15FeO3,,,18.49,La0.85Sr0.15FeO3,,Sr3 La17 Fe20 O60
176,Co1,Co3 O4,,"['Co', 'Co3O4']",569.343,"cubic, cubic",27.0,-124.14,1.0,20.0,177,27.0,34.375,122.0,sphere,fm-3m,fd-3m,Co/Co3O4,Co/Co3O4,5.0,12.0,27.0,Co,Co3O4,Co1 Co3 O4
177,Co1,Co3 O4,,"['Co', 'Co3O4']",583.34,"cubic, cubic",27.0,-123.24,1.0,20.0,178,27.0,32.07,116.0,sphere,fm-3m,fd-3m,Co/Co3O4,Co/Co3O4,5.0,6.25,27.0,Co,Co3O4,Co1 Co3 O4
178,Co1,Co3 O4,,"['Co', 'Co3O4']",626.8,"cubic, cubic",27.0,-148.595,1.0,20.0,179,27.0,32.9245,105.0,sphere,fm-3m,fd-3m,Co/Co3O4,Co/Co3O4,5.0,6.031,27.0,Co,Co3O4,Co1 Co3 O4
179,Co1,Co3 O4,,"['Co', 'Co3O4']",738.96,"cubic, cubic",27.0,-183.82,1.0,20.0,180,27.0,27.919,90.42,sphere,fm-3m,fd-3m,Co/Co3O4,Co/Co3O4,5.0,5.931,27.0,Co,Co3O4,Co1 Co3 O4
180,Co1,Co3 O4,,"['Co', 'Co3O4']",724.638,"cubic, cubic",27.0,-210.53,1.0,20.0,181,27.0,15.923,56.9,sphere,fm-3m,fd-3m,Co/Co3O4,Co/Co3O4,5.0,3.5,27.0,Co,Co3O4,Co1 Co3 O4
181,Co1,Co3 O4,,"['Co', 'Co3O4']",631.58,"cubic, cubic",27.0,-147.36,1.0,20.0,182,27.0,6.5,32.0,sphere,fm-3m,fd-3m,Co/Co3O4,Co/Co3O4,5.0,0.8,27.0,Co,Co3O4,Co1 Co3 O4
182,Co1,Co3 O4,,"['Co', 'Co3O4']",222.0,"cubic, cubic",27.0,-36.6,1.0,20.0,183,27.0,0.6875,9.55,sphere,fm-3m,fd-3m,Co/Co3O4,Co/Co3O4,5.0,0.1125,27.0,Co,Co3O4,Co1 Co3 O4
183,Co1,Co3 O4,,"['Co', 'Co3O4']",194.724,"cubic, cubic",27.0,-26.442,1.0,20.0,184,27.0,0.191,4.6,sphere,fm-3m,fd-3m,Co/Co3O4,Co/Co3O4,5.0,0.032,27.0,Co,Co3O4,Co1 Co3 O4
184,Co1,Co3 O4,,"['Co', 'Co3O4']",265.0,"cubic, cubic",27.0,-21.5,1.0,20.0,185,27.0,0.051,3.0,sphere,fm-3m,fd-3m,Co/Co3O4,Co/Co3O4,5.0,0.005,27.0,Co,Co3O4,Co1 Co3 O4
185,Mn3 O4,,,['Mn3O4'],1086.0,tetragonal,30.0,-1086.0,1.0,20.0,186,30.0,,,sphere,i41/amd,0,Mn3O4,Mn3O4,10.0,2.238,30.0,Mn3O4,,Mn3 O4
186,Mn3 O4,,,['Mn3O4'],575.0,tetragonal,60.0,-575.0,1.0,20.0,187,60.0,,32.0,sphere,i41/amd,0,Mn3O4,Mn3O4,10.0,2.319,60.0,Mn3O4,,Mn3 O4
187,Mn3 O4,,,['Mn3O4'],273.0,tetragonal,90.0,-273.0,1.0,20.0,188,90.0,,,sphere,i41/amd,0,Mn3O4,Mn3O4,10.0,2.339,90.0,Mn3O4,,Mn3 O4
188,Fe3 O4,Co1 O1,,"['Fe3O4', 'CoO']",2900.0,"cubic, cubic",10.2,-1290.0,7.0,60.0,189,10.2,,,sphere,fd-3m,fm-3m,Fe3O4@CoO,Fe3O4@CoO,5.0,,10.2,Fe3O4,CoO,Fe3 O4 Co1 O1
189,Fe3 O4,Co1 O1,,"['Fe3O4', 'CoO']",7035.0,"cubic, cubic",10.2,-3430.0,7.0,60.0,190,10.2,,,sphere,fd-3m,fm-3m,Fe3O4@CoO,Fe3O4@CoO,5.0,,10.2,Fe3O4,CoO,Fe3 O4 Co1 O1
190,Fe3 O4,Co1 O1,,"['Fe3O4', 'CoO']",11200.0,"cubic, cubic",10.2,-4020.0,7.0,60.0,191,10.2,20.13,33.0,sphere,fd-3m,fm-3m,Fe3O4@CoO,Fe3O4@CoO,5.0,,10.2,Fe3O4,CoO,Fe3 O4 Co1 O1
191,Fe3 O4,Co1 O1,,"['Fe3O4', 'CoO']",12700.0,"cubic, cubic",10.2,-5100.0,7.0,60.0,192,10.2,37.76,59.0,sphere,fd-3m,fm-3m,Fe3O4@CoO,Fe3O4@CoO,5.0,,10.2,Fe3O4,CoO,Fe3 O4 Co1 O1
192,Co1,Co1 O1,,"['Co', 'CoO']",7619.0,"hexagonal, cubic",6.0,-3773.58,5.0,50.0,193,6.0,,,sphere,P63/mmc,fm-3m,Co/CoO,Co/CoO,10.0,,6.0,Co,CoO,Co1 Co1 O1
193,Co1,Co1 O1,,"['Co', 'CoO']",6415.09,"hexagonal, cubic",6.0,-5283.0,5.0,50.0,194,6.0,,,sphere,P63/mmc,fm-3m,Co/CoO,Co/CoO,10.0,,6.0,Co,CoO,Co1 Co1 O1
194,Co1,Co1 O1,,"['Co', 'CoO']",6037.7,"hexagonal, cubic",6.0,-5283.0,5.0,50.0,195,6.0,,,sphere,P63/mmc,fm-3m,Co/CoO,Co/CoO,10.0,,6.0,Co,CoO,Co1 Co1 O1
195,Co1,Co1 O1,,"['Co', 'CoO']",543.7435,"hexagonal, cubic",15.0,-147.76,1.0,5.0,196,15.0,9.4,40.36,sphere,P63/mmc,fm-3m,Co/CoO,Co/CoO,5.0,1.632,15.0,Co,CoO,Co1 Co1 O1
196,Co1,Co1 O1,,"['Co', 'CoO']",546.7225,"hexagonal, cubic",15.0,-14.7,1.0,5.0,197,15.0,8.1,38.0,sphere,P63/mmc,fm-3m,Co/CoO,Co/CoO,5.0,0.13,15.0,Co,CoO,Co1 Co1 O1
197,Co1,Co1 O1,,"['Co', 'CoO']",561.497,"hexagonal, cubic",15.0,177.297,1.0,5.0,198,15.0,8.16,38.8,sphere,P63/mmc,fm-3m,Co/CoO,Co/CoO,5.0,-2.0245,15.0,Co,CoO,Co1 Co1 O1
198,Co1,Co1 O1,,"['Co', 'CoO']",241.85,"hexagonal, cubic",45.0,-54.0,1.0,5.0,199,45.0,1.432,4.5,sphere,P63/mmc,fm-3m,Co/CoO,Co/CoO,5.0,0.354,45.0,Co,CoO,Co1 Co1 O1
199,Co1,Co1 O1,,"['Co', 'CoO']",239.63,"hexagonal, cubic",45.0,-7.74,1.0,5.0,200,45.0,1.479,4.5,sphere,P63/mmc,fm-3m,Co/CoO,Co/CoO,5.0,0.023,45.0,Co,CoO,Co1 Co1 O1
200,Co1,Co1 O1,,"['Co', 'CoO']",241.8286,"hexagonal, cubic",45.0,65.56,1.0,5.0,201,45.0,1.4195,4.5,sphere,P63/mmc,fm-3m,Co/CoO,Co/CoO,5.0,-0.255,45.0,Co,CoO,Co1 Co1 O1
201,Sr33 La67 Mn100 O300,,,['La0.67Sr0.33MnO3'],,trigonal,9.4,,0.0,50.0,202,9.4,2.214,13.46,sphere,r3c,0,La0.67Sr0.33MnO3,La0.67Sr0.33MnO3,330.0,0.0,9.4,La0.67Sr0.33MnO3,,Sr33 La67 Mn100 O300
202,Sr33 La67 Mn100 O300,,,['La0.67Sr0.33MnO3'],,trigonal,9.4,,0.0,50.0,203,9.4,5.4,17.17,sphere,r3c,0,La0.67Sr0.33MnO3,La0.67Sr0.33MnO3,300.0,0.0,9.4,La0.67Sr0.33MnO3,,Sr33 La67 Mn100 O300
203,Sr33 La67 Mn100 O300,,,['La0.67Sr0.33MnO3'],,trigonal,9.4,,0.0,50.0,204,9.4,19.45,35.38,sphere,r3c,0,La0.67Sr0.33MnO3,La0.67Sr0.33MnO3,200.0,0.0,9.4,La0.67Sr0.33MnO3,,Sr33 La67 Mn100 O300
204,Sr33 La67 Mn100 O300,,,['La0.67Sr0.33MnO3'],,trigonal,9.4,,0.0,50.0,205,9.4,33.184,56.312,sphere,r3c,0,La0.67Sr0.33MnO3,La0.67Sr0.33MnO3,5.0,0.0,9.4,La0.67Sr0.33MnO3,,Sr33 La67 Mn100 O300
205,Sr33 La67 Mn100 O300,,,['La0.67Sr0.33MnO3'],191.28,trigonal,9.4,-1.46,0.001,,206,9.4,13.9,,sphere,r3c,0,La0.67Sr0.33MnO3,La0.67Sr0.33MnO3,4.0,0.0,9.4,La0.67Sr0.33MnO3,,Sr33 La67 Mn100 O300
206,Sr33 La67 Mn100 O300,,,['La0.67Sr0.33MnO3'],168.829,trigonal,9.4,-12.3,0.01,,207,9.4,13.9,,sphere,r3c,0,La0.67Sr0.33MnO3,La0.67Sr0.33MnO3,4.0,0.0,9.4,La0.67Sr0.33MnO3,,Sr33 La67 Mn100 O300
207,Sr33 La67 Mn100 O300,,,['La0.67Sr0.33MnO3'],198.97,trigonal,9.4,-25.0,0.1,,208,9.4,15.658,,sphere,r3c,0,La0.67Sr0.33MnO3,La0.67Sr0.33MnO3,4.0,1.579,9.4,La0.67Sr0.33MnO3,,Sr33 La67 Mn100 O300
208,Ni1 O1,,,['NiO'],100.2,cubic,5.9,2560.0,1.0,10.0,209,5.9,0.1,,sphere,fm-3m,0,NiO,NiO,10.0,0.61,5.9,NiO,,Ni1 O1
209,Ni1 O1,,,['NiO'],77.3,cubic,11.6,2120.0,1.0,10.0,210,11.6,0.016,,sphere,fm-3m,0,NiO,NiO,10.0,0.52,11.6,NiO,,Ni1 O1
210,Ni1 O1,,,['NiO'],64.5,cubic,24.7,180.0,1.0,10.0,211,24.7,0.002,,sphere,fm-3m,0,NiO,NiO,10.0,0.08,24.7,NiO,,Ni1 O1
211,Ni1 O1,,,['NiO'],61.9,cubic,29.4,390.0,1.0,10.0,212,29.4,0.01175,,sphere,fm-3m,0,NiO,NiO,10.0,0.04,29.4,NiO,,Ni1 O1
212,Ni1 O1,,,['NiO'],55.9,cubic,34.9,190.0,1.0,10.0,213,34.9,0.012,,sphere,fm-3m,0,NiO,NiO,10.0,0.03,34.9,NiO,,Ni1 O1
213,Ni1 O1,,,['NiO'],49.8,cubic,36.8,110.0,1.0,10.0,214,36.8,0.012,,sphere,fm-3m,0,NiO,NiO,10.0,0.01,36.8,NiO,,Ni1 O1
214,Mn1 O1,Mn3 O4,,"['MnO', 'Mn3O4']",,cubic,17.2,-490.0,5.0,20.0,215,17.2,,,sphere,fm-3m,i41/amd,Mn3O4,Mn3O4,10.0,,17.2,MnO,Mn3O4,Mn1 O1 Mn3 O4
215,Mn1 O1,Mn3 O4,,"['MnO', 'Mn3O4']",,"cubic, cubic",25.0,-3600.0,5.0,20.0,216,25.0,,,sphere,fm-3m,i41/amd,MnO@Mn3O4,MnO@Mn3O4,10.0,,25.0,MnO,Mn3O4,Mn1 O1 Mn3 O4
216,Fe3 O4,Fe2 O3,,"['Fe3O4', 'Fe2O3']",249.0,"cubic, tetrahedral",9.0,5.0,1.0,3.0,217,9.0,21.27,65.32,sphere,fd-3m,p41212,Fe3O4–γ-Fe2O3,Fe3O4–γ-Fe2O3,2.0,0.0,9.0,Fe3O4,Fe2O3,Fe3 O4 Fe2 O3
217,Fe3 O4,Fe2 O3,,"['Fe3O4', 'Fe2O3']",247.0,"cubic, tetrahedral",9.0,5.0,1.0,3.0,218,9.0,22.22,64.54,sphere,fd-3m,p41212,Fe3O4–γ-Fe2O3,Fe3O4–γ-Fe2O3,2.0,0.0,9.0,Fe3O4,Fe2O3,Fe3 O4 Fe2 O3
218,Fe3 O4,Fe2 O3,,"['Fe3O4', 'Fe2O3']",234.0,"cubic, tetrahedral",11.0,-20.0,3.0,2.0,219,11.0,32.89,96.0,sphere,fd-3m,p41212,Fe3O4–γ-Fe2O3,Fe3O4–γ-Fe2O3,2.0,0.0,11.0,Fe3O4,Fe2O3,Fe3 O4 Fe2 O3
219,Fe3 O4,Fe2 O3,,"['Fe3O4', 'Fe2O3']",35.0,"cubic, tetrahedral",11.0,6.0,3.0,1.0,220,11.0,4.29,77.27,sphere,fd-3m,p41212,Fe3O4–γ-Fe2O3,Fe3O4–γ-Fe2O3,300.0,0.0,11.0,Fe3O4,Fe2O3,Fe3 O4 Fe2 O3
220,Co3 O4,,,['Co3O4'],66.6,cubic ,40.0,0.0,0.0,60.0,221,40.0,0.01026,3.5,cubic,fd-3m,0,Co3O4,Co3O4,2.0,0.0,40.0,Co3O4,,Co3 O4
221,Co3 O4,,,['Co3O4'],134.375,cubic ,35.0,-34.375,1.0,60.0,222,35.0,0.01304,3.5,cubic,fd-3m,0,Co3O4,Co3O4,2.0,0.0,35.0,Co3O4,,Co3 O4
222,Co3 O4,,,['Co3O4'],127.0,cubic ,35.0,40.0,1.0,60.0,223,35.0,0.0217,3.5,cubic,fd-3m,0,Co3O4,Co3O4,2.0,0.0,35.0,Co3O4,,Co3 O4
223,La1 Fe1 O3,,,['LaFeO3'],290.0,orthorhombic,24.87,-100.0,0.0,20.0,224,24.87,0.01331,0.22718,sphere,pnma,0,LaFeO3,LaFeO3,300.0,0.004375,24.87,LaFeO3,,La1 Fe1 O3
224,Ni1 O1,,,['NiO'],3769.0,cubic,22.2,0.0,7.0,80.0,225,22.2,0.63,5.32,sphere,fm-3m,0,NiO,NiO,2.0,0.0,22.2,NiO,,Ni1 O1
225,Fe1 Ni99 O100,,,['Ni0.99Fe0.01O'],1922.0,cubic,19.7,,7.0,80.0,226,19.7,0.09,,polyhedral,fd-3m,0,Ni0.99Fe0.01O,Ni0.99Fe0.01O,2.0,,19.7,Ni0.99Fe0.01O,,Fe1 Ni99 O100
226,Fe1 Ni49 O50,,,['Ni0.98Fe0.02O'],2110.0,cubic,18.6,454.54,7.0,80.0,227,18.6,0.09,1.368,polyhedral,fd-3m,0,Ni0.98Fe0.02O,Ni0.98Fe0.02O,2.0,0.0,18.6,Ni0.98Fe0.02O,,Fe1 Ni49 O50
227,Fe1 Ni24 O25,,,['Ni0.96Fe0.04O'],4354.1,cubic,15.2,0.0,7.0,70.0,228,15.2,0.53,3.5,polyhedral,fd-3m,0,Ni0.96Fe0.04O,Ni0.96Fe0.04O,2.0,0.0,15.2,Ni0.96Fe0.04O,,Fe1 Ni24 O25
228,Fe3 Ni97 O100,,,['Ni0.97Fe0.03O'],1657.0,cubic,12.2,-1879.0,7.0,80.0,229,12.2,0.02,0.4,polyhedral,fd-3m,0,Ni0.97Fe0.03O,Ni0.97Fe0.03O,2.0,0.062,12.2,Ni0.97Fe0.03O,,Fe3 Ni97 O100
229,Co1,Co1 O1,,"['Co', 'CoO']",1333.0,"hexagonal, cubic",16.0,-631.7,5.0,40.0,230,16.0,15.3,100.6,sphere,p-3m1,fm-3m,Co/CoO,Co/CoO,5.0,4.68,16.0,Co,CoO,Co1 Co1 O1
230,Co1,Co1 O1,,"['Co', 'CoO']",523.8,"hexagonal, cubic",200.0,-456.2,5.0,40.0,231,200.0,4.68,76.1,sphere,p-3m1,fm-3m,Co/CoO,Co/CoO,5.0,2.7,200.0,Co,CoO,Co1 Co1 O1
231,Co1,Co1 O1,,"['Co', 'CoO']",523.8,"hexagonal, cubic",300.0,47.6,5.0,40.0,232,300.0,4.68,74.6,octahedral,p-3m1,fm-3m,Co/CoO,Co/CoO,5.0,-0.85,300.0,Co,CoO,Co1 Co1 O1
232,Cr5 Ag1 O8,,,['Ag0.5Cr2.5O4'],7.1935,orthorhombic,0.0,0.0,0.0,25.0,233,93.1,0.0001,0.31209,rod,pnma,0,Ag0.5Cr2.5O4,Ag0.5Cr2.5O4,300.0,0.0,39.5,Ag0.5Cr2.5O4,,Cr5 Ag1 O8
233,Cr5 Ag1 O8,,,['Ag0.5Cr2.5O4'],663.75,orthorhombic,0.0,0.0,2.0,25.0,234,93.1,0.148,0.56532,rod,pnma,0,Ag0.5Cr2.5O4,Ag0.5Cr2.5O4,200.0,-0.1875,39.5,Ag0.5Cr2.5O4,,Cr5 Ag1 O8
234,Cr5 Ag1 O8,,,['Ag0.5Cr2.5O4'],1507.0,orthorhombic,0.0,-2173.9,2.0,25.0,235,93.1,0.174,0.78491,rod,pnma,0,Ag0.5Cr2.5O4,Ag0.5Cr2.5O4,100.0,-0.125,39.5,Ag0.5Cr2.5O4,,Cr5 Ag1 O8
235,Cr1 Ag1 O2,,,['AgCrO2'],32.093,trigonal,0.0,0.0,0.0,25.0,236,120.9,0.0003,0.18978,rod,r3m,0,AgCrO2,AgCrO2,300.0,0.0,58.75,AgCrO2,,Cr1 Ag1 O2
236,Cr1 Ag1 O2,,,['AgCrO2'],0.0,trigonal,0.0,0.0,2.0,25.0,237,120.9,0.006,0.31956,rod,r3m,0,AgCrO2,AgCrO2,200.0,-0.125,58.75,AgCrO2,,Cr1 Ag1 O2
237,Cr1 Ag1 O2,,,['AgCrO2'],3032.9,trigonal,0.0,0.0,2.0,25.0,238,120.9,0.012,0.15146,rod,r3m,0,AgCrO2,AgCrO2,100.0,-0.0479,58.75,AgCrO2,,Cr1 Ag1 O2
238,Fe2 Co1 O4,,,['CoFe2O4'],860.0,cubic,37.0,0.0,0.0,60.0,239,37.0,39.3,77.6,sphere,fd-3m,0,CoFe2O4,CoFe2O4,300.0,0.0,37.0,CoFe2O4,,Fe2 Co1 O4
239,Fe2 Co1 O4,Co1 O1,,"['CoFe2O4', 'CoO']",620.0,"cubic, cubic",27.0,0.0,0.0,60.0,240,27.0,22.0,76.0,,fd-3m,fm-3m,CoFe2O4/CoO,CoFe2O4/CoO,300.0,0.0,27.0,CoFe2O4,CoO,Fe2 Co1 O4 Co1 O1
240,Fe2 Co1 O4,Co1 O1,,"['CoFe2O4', 'CoO']",2400.0,"cubic, cubic",27.0,0.0,7.0,15.0,241,27.0,56.4,88.8,,fd-3m,fm-3m,CoFe2O4/CoO,CoFe2O4/CoO,5.0,0.0,27.0,CoFe2O4,CoO,Fe2 Co1 O4 Co1 O1
241,Fe2 Co1 O4,Co1 O1,,"['CoFe2O4', 'CoO']",4300.0,"cubic, cubic",27.0,-280.0,7.0,15.0,242,27.0,48.0,83.2,,fd-3m,fm-3m,CoFe2O4/CoO,CoFe2O4/CoO,5.0,0.0,27.0,CoFe2O4,CoO,Fe2 Co1 O4 Co1 O1
242,Fe2 Co1 O4,Co1 O1,,"['CoFe2O4', 'CoO']",4290.0,"cubic, cubic",27.0,-300.0,3.0,50.0,243,27.0,45.5,80.7,,fd-3m,fm-3m,CoFe2O4/CoO,CoFe2O4/CoO,5.0,0.0,27.0,CoFe2O4,CoO,Fe2 Co1 O4 Co1 O1
243,Fe2 Co1 O4,Co1 O1,,"['CoFe2O4', 'CoO']",4240.0,"cubic, cubic",27.0,-300.0,5.0,50.0,244,27.0,45.4,81.0,,fd-3m,fm-3m,CoFe2O4/CoO,CoFe2O4/CoO,5.0,0.0,27.0,CoFe2O4,CoO,Fe2 Co1 O4 Co1 O1
244,Fe2 Co1 O4,Co1 O1,,"['CoFe2O4', 'CoO']",4240.0,"cubic, cubic",27.0,-280.0,7.0,50.0,245,27.0,45.4,83.8,,fd-3m,fm-3m,CoFe2O4/CoO,CoFe2O4/CoO,5.0,0.0,27.0,CoFe2O4,CoO,Fe2 Co1 O4 Co1 O1
245,Ni1 O1,,,['NiO'],769.23,cubic,16.6,45.0,2.0,1.0,246,16.6,0.0283,,pseudo-spherical,fm-3m,0,NiO,NiO,25.0,-0.001023,16.6,NiO,,Ni1 O1
246,Ni1 O1,,,['NiO'],861.53,cubic,16.6,-48.0,2.0,1.0,247,16.6,0.0316,,pseudo-spherical,fm-3m,0,NiO,NiO,25.0,0.00186,16.6,NiO,,Ni1 O1
247,Ni1 O1,,,['NiO'],193.0,cubic,19.5,24.0,2.0,0.3,248,19.5,0.0111,,pseudo-spherical,fm-3m,0,NiO,NiO,25.0,-0.00111,19.5,NiO,,Ni1 O1
248,Ni1 O1,,,['NiO'],190.0,cubic,19.5,-21.0,2.0,0.3,249,19.5,0.010925,,pseudo-spherical,fm-3m,0,NiO,NiO,25.0,0.0010185,19.5,NiO,,Ni1 O1
249,Ni1 O1,,,['NiO'],75.47,cubic,29.0,10.0,2.0,0.2,250,29.0,0.0011625,,pseudo-spherical,fm-3m,0,NiO,NiO,25.0,-0.0001875,29.0,NiO,,Ni1 O1
250,Ni1 O1,,,['NiO'],71.7,cubic,29.0,-14.0,2.0,0.2,251,29.0,0.00111,,pseudo-spherical,fm-3m,0,NiO,NiO,25.0,0.0003111,29.0,NiO,,Ni1 O1
251,Ni1 O1,,,['NiO'],3.8,cubic,31.0,-1.5,2.0,0.2,252,31.0,7.775e-06,,pseudo-spherical,fm-3m,0,NiO,NiO,25.0,,31.0,NiO,,Ni1 O1
252,Ni1 O1,,,['NiO'],3.8,cubic,31.0,-12.0,2.0,0.2,253,31.0,5.655e-06,,pseudo-spherical,fm-3m,0,NiO,NiO,25.0,,31.0,NiO,,Ni1 O1
253,Ni1 O1,,,['NiO'],24528.0,cubic,54.0,-3.0,2.0,0.2,254,54.0,0.00125,,pseudo-spherical,fm-3m,0,NiO,NiO,25.0,-0.000208,54.0,NiO,,Ni1 O1
254,Ni1 O1,,,['NiO'],16981.0,cubic,54.0,3.0,2.0,0.2,255,54.0,9e-05,,pseudo-spherical,fm-3m,0,NiO,NiO,25.0,0.0,54.0,NiO,,Ni1 O1
255,Co1 O1,Fe2 Ni1 O4,,"['CoO', 'NiFe2O4']",7412.0,"cubic, cubic",14.8,-168.0,0.005,25.0,256,14.8,19.8,24.6,pseudospherically,fd-3m,fd-3m,CoO/NiFe2O4,CoO/NiFe2O4,5.0,0.0,14.8,CoO,NiFe2O4,Co1 O1 Fe2 Ni1 O4
256,Co1 O1,Fe2 Ni1 O4,,"['CoO', 'NiFe2O4']",6052.0,"cubic, cubic",18.1,-520.0,0.005,25.0,257,18.1,9.1,10.4,pseudospherically,fd-3m,fd-3m,CoO/NiFe2O4,CoO/NiFe2O4,5.0,0.0,18.1,CoO,NiFe2O4,Co1 O1 Fe2 Ni1 O4
257,Co1 O1,Fe2 Ni1 O4,,"['CoO', 'NiFe2O4']",9624.0,"cubic, cubic",12.5,-632.0,0.005,25.0,258,12.5,7.9,8.3,pseudospherically,fd-3m,fd-3m,CoO/NiFe2O4,CoO/NiFe2O4,5.0,0.0,12.5,CoO,NiFe2O4,Co1 O1 Fe2 Ni1 O4
258,Ni1 O1,,,['NiO'],0.27,cubic,2.0,0.0,0.0,80.0,259,2.0,1.8,53.0,sphere,fm-3m,0,NiO,NiO,2.0,0.0,2.0,NiO,,Ni1 O1
259,Ni1 O1,,,['NiO'],275.86,cubic,2.0,0.0,0.0,80.0,260,2.0,1.35,50.86,sphere,fm-3m,0,NiO,NiO,5.0,0.0,2.0,NiO,,Ni1 O1
260,Ni1 O1,,,['NiO'],275.86,cubic,2.0,0.0,0.0,80.0,261,2.0,1.35,66.0,sphere,fm-3m,0,NiO,NiO,5.0,0.0,2.0,NiO,,Ni1 O1
261,Ni1 O1,,,['NiO'],2.04,cubic,4.0,0.0,0.0,80.0,262,4.0,0.3,5.88,sphere,fm-3m,0,NiO,NiO,2.0,0.0,4.0,NiO,,Ni1 O1
262,Ni1 O1,,,['NiO'],0.68,cubic,4.0,0.0,0.0,80.0,263,4.0,0.09,5.68,sphere,fm-3m,0,NiO,NiO,20.0,0.0,4.0,NiO,,Ni1 O1
263,Ni1 O1,,,['NiO'],2482.75,cubic,4.0,-827.586,8.0,80.0,264,4.0,0.295,5.74,sphere,fm-3m,0,NiO,NiO,5.0,0.11,4.0,NiO,,Ni1 O1
264,Ni1 O1,,,['NiO'],2344.83,cubic,4.0,0.0,8.0,80.0,265,4.0,0.341,5.67,sphere,fm-3m,0,NiO,NiO,5.0,0.0,4.0,NiO,,Ni1 O1
265,Ni1 O1,,,['NiO'],2711.86,cubic,6.0,-1355.93,8.0,80.0,266,6.0,0.2,4.6,sphere,fm-3m,0,NiO,NiO,5.0,0.104,6.0,NiO,,Ni1 O1
266,Ni1 O1,,,['NiO'],2305.0,cubic,6.0,0.0,8.0,80.0,267,6.0,0.16,4.53,sphere,fm-3m,0,NiO,NiO,5.0,0.0,6.0,NiO,,Ni1 O1
267,Ni1 O1,,,['NiO'],3172.4,cubic,7.0,2068.9,8.0,80.0,268,7.0,0.208,4.05,sphere,fm-3m,0,NiO,NiO,5.0,0.1171875,7.0,NiO,,Ni1 O1
268,Ni1 O1,,,['NiO'],1724.13,cubic,7.0,0.0,8.0,80.0,269,7.0,0.143,3.82,sphere,fm-3m,0,NiO,NiO,5.0,0.0,7.0,NiO,,Ni1 O1
269,Ni1 O1,,,['NiO'],1.13,cubic,9.0,0.0,0.0,80.0,270,9.0,0.12,2.94,sphere,fm-3m,0,NiO,NiO,2.0,0.0,9.0,NiO,,Ni1 O1
270,Ni1 O1,,,['NiO'],0.8,cubic,9.0,0.0,0.0,80.0,271,9.0,0.07,2.53,sphere,fm-3m,0,NiO,NiO,20.0,0.0,9.0,NiO,,Ni1 O1
271,Ni1 O1,,,['NiO'],0.11,cubic,9.0,0.0,0.0,80.0,272,9.0,0.01,1.469,sphere,fm-3m,0,NiO,NiO,140.0,0.0,9.0,NiO,,Ni1 O1
272,Ni1 O1,,,['NiO'],2847.4576,cubic,9.0,2847.4576,8.0,80.0,273,9.0,0.2089552,3.234,sphere,fm-3m,0,NiO,NiO,5.0,0.2089552,9.0,NiO,,Ni1 O1
273,Ni1 O1,,,['NiO'],1491.52,cubic,9.0,0.0,8.0,80.0,274,9.0,0.1432,3.09,sphere,fm-3m,0,NiO,NiO,5.0,0.0,9.0,NiO,,Ni1 O1
274,Ni1,Ni1 O1,,"['Ni', 'NiO']",0.0,"cubic, cubic",9.0,0.0,0.0,90.0,275,9.0,0.0,4.61,quasi-spherical,fm-3m,fm-3m,Ni/NiO,Ni/NiO,300.0,0.0,9.0,Ni,NiO,Ni1 Ni1 O1
275,Ni1,Ni1 O1,,"['Ni', 'NiO']",,"cubic, cubic",10.0,0.0,0.0,90.0,276,10.0,,8.01,quasi-spherical,fm-3m,fm-3m,Ni/NiO,Ni/NiO,300.0,0.0,10.0,Ni,NiO,Ni1 Ni1 O1
276,Ni1,Ni1 O1,,"['Ni', 'NiO']",,"cubic, cubic",11.0,0.0,0.0,90.0,277,11.0,,12.21,quasi-spherical,fm-3m,fm-3m,Ni/NiO,Ni/NiO,300.0,0.0,11.0,Ni,NiO,Ni1 Ni1 O1
277,Ni1,Ni1 O1,,"['Ni', 'NiO']",63.6,"cubic, cubic",16.0,0.0,0.0,90.0,278,16.0,0.7368,28.41,quasi-spherical,fm-3m,fm-3m,Ni/NiO,Ni/NiO,300.0,0.0,16.0,Ni,NiO,Ni1 Ni1 O1
278,Ni1,Ni1 O1,,"['Ni', 'NiO']",68.1,"cubic, cubic",23.0,0.0,0.0,90.0,279,23.0,2.526,40.31,quasi-spherical,fm-3m,fm-3m,Ni/NiO,Ni/NiO,300.0,0.0,23.0,Ni,NiO,Ni1 Ni1 O1
279,Ni1,Ni1 O1,,"['Ni', 'NiO']",411.1,"cubic, cubic",9.0,-22.2,0.5,90.0,280,9.0,2.61,37.815,quasi-spherical,fm-3m,fm-3m,Ni/NiO,Ni/NiO,5.0,1.239,9.0,Ni,NiO,Ni1 Ni1 O1
280,Ni1,Ni1 O1,,"['Ni', 'NiO']",512.95,"cubic, cubic",10.0,-24.05,0.5,90.0,281,10.0,4.21,36.97,quasi-spherical,fm-3m,fm-3m,Ni/NiO,Ni/NiO,5.0,0.0,10.0,Ni,NiO,Ni1 Ni1 O1
281,Ni1,Ni1 O1,,"['Ni', 'NiO']",637.02,"cubic, cubic",11.0,-40.779,0.5,90.0,282,11.0,6.31,36.13,quasi-spherical,fm-3m,fm-3m,Ni/NiO,Ni/NiO,5.0,0.0,11.0,Ni,NiO,Ni1 Ni1 O1
282,Ni1,Ni1 O1,,"['Ni', 'NiO']",538.876,"cubic, cubic",16.0,-57.4,0.5,90.0,283,16.0,13.11,50.4,quasi-spherical,fm-3m,fm-3m,Ni/NiO,Ni/NiO,5.0,0.0,16.0,Ni,NiO,Ni1 Ni1 O1
283,Ni1,Ni1 O1,,"['Ni', 'NiO']",559.24,"cubic, cubic",23.0,-40.76,0.5,90.0,284,23.0,20.51,53.78,quasi-spherical,fm-3m,fm-3m,Ni/NiO,Ni/NiO,5.0,0.0,23.0,Ni,NiO,Ni1 Ni1 O1
284,Mn1 Fe2 O4,,,['MnFe2O4'],171.2,cubic,5.4,,0.0,20.0,285,5.4,,39.07,octahedral,fd-3m,0,MnFe2O4,MnFe2O4,300.0,0.0,5.4,MnFe2O4,,Mn1 Fe2 O4
285,Mn1 Fe2 O4,Fe3 O4,,"['MnFe2O4', 'Fe3O4']",210.526,"cubic, cubic",9.1,-5.3,1.0,20.0,286,9.1,12.5,70.4,octahedral,fd-3m,fd-3m,MnFe2O4/Fe3O4,MnFe2O4/Fe3O4,25.0,0.0,9.1,MnFe2O4,Fe3O4,Mn1 Fe2 O4 Fe3 O4
286,Mn1 Fe2 O4,Fe3 O4,,"['MnFe2O4', 'Fe3O4']",1.24,"cubic, cubic",10.7,1.022,3.0,20.0,287,10.7,0.0794,69.9,octahedral,fd-3m,fd-3m,MnFe2O4/Fe3O4,MnFe2O4/Fe3O4,200.0,2.06,10.7,MnFe2O4,Fe3O4,Mn1 Fe2 O4 Fe3 O4
287,Ni1,Ni1 O1,,"['Ni', 'NiO']",170.0,"cubic, cubic",11.96,-22.0,0.2,2.0,288,11.96,5.4,13.4,sphere,fm-3m,fm-3m,Ni,Ni,5.0,0.0,11.96,Ni,NiO,Ni1 Ni1 O1
288,Ni1,Ni1 O1,,"['Ni', 'NiO']",230.0,"cubic, cubic",12.85,-45.0,0.2,2.0,289,12.85,6.9,12.9,sphere,fm-3m,fm-3m,Ni@NiO,Ni@NiO,5.0,0.0,12.85,Ni,NiO,Ni1 Ni1 O1
289,Ni1,Ni1 O1,,"['Ni', 'NiO']",250.0,"cubic, cubic",14.38,-43.0,0.2,2.0,290,14.38,9.9,17.6,sphere,fm-3m,fm-3m,Ni@NiO,Ni@NiO,5.0,0.0,14.38,Ni,NiO,Ni1 Ni1 O1
290,Ni1,Ni1 O1,,"['Ni', 'NiO']",230.0,"cubic, cubic",16.21,-62.0,0.2,2.0,291,16.21,8.4,21.6,sphere,fm-3m,fm-3m,Ni@NiO,Ni@NiO,5.0,1.92,16.21,Ni,NiO,Ni1 Ni1 O1
291,Ni1,Ni1 O1,,"['Ni', 'NiO']",440.0,"cubic, cubic",18.47,-250.0,0.2,2.0,292,18.47,16.2,31.5,sphere,fm-3m,fm-3m,Ni@NiO,Ni@NiO,5.0,2.69,18.47,Ni,NiO,Ni1 Ni1 O1
292,Ni1,Ni1 O1,,"['Ni', 'NiO']",420.0,"cubic, cubic",21.09,-310.0,0.2,2.0,293,21.09,7.1,16.1,sphere,fm-3m,fm-3m,Ni@NiO,Ni@NiO,5.0,5.38,21.09,Ni,NiO,Ni1 Ni1 O1
293,Ni1,Ni1 O1,,"['Ni', 'NiO']",550.0,"cubic, cubic",16.77,-570.0,0.2,2.0,294,16.77,6.2,14.9,sphere,fm-3m,fm-3m,Ni@NiO,Ni@NiO,5.0,6.923,16.77,Ni,NiO,Ni1 Ni1 O1
294,Fe1 Bi1 O3,,,['BiFeO3'],391.3,trigonal,24.0,173.9,2.0,30.0,295,24.0,0.0275,0.3547,sphere,r3c,0,BiFeO3,BiFeO3,60.0,-0.00458,24.0,BiFeO3,,Fe1 Bi1 O3
295,La1 Fe10 Bi9 O30,,,['Bi0.9La0.1FeO3'],593.4,orthorhombic,31.0,902.0,2.0,30.0,296,31.0,0.018367,0.375,sphere,pnma,0,Bi0.9La0.1FeO3,Bi0.9La0.1FeO3,60.0,-0.0102,31.0,Bi0.9La0.1FeO3,,La1 Fe10 Bi9 O30
296,Fe1 Bi1 O3,,,['BiFeO3'],391.3,trigonal,24.0,-173.9,2.0,30.0,297,24.0,0.0275,0.3698,sphere,r3c,0,BiFeO3,BiFeO3,60.0,0.00458,24.0,BiFeO3,,Fe1 Bi1 O3
297,La1 Fe10 Bi9 O30,,,['Bi0.9La0.1FeO3'],593.4,orthorhombic,31.0,-902.0,2.0,30.0,298,31.0,0.018367,0.408,sphere,pnma,0,Bi0.9La0.1FeO3,Bi0.9La0.1FeO3,60.0,0.0102,31.0,Bi0.9La0.1FeO3,,La1 Fe10 Bi9 O30
298,Nd1 Fe1 O3,,,['NdFeO3'],200.0,orthorhombic,39.0,-10.86,0.0,20.0,299,39.0,0.25,2.42,sphere,pnma,0,NdFeO3,NdFeO3,300.0,0.0,39.0,NdFeO3,,Nd1 Fe1 O3
299,Fe2 Co1 O4,,,['CoFe2O4'],,cubic,7.0,,1.0,10.0,300,7.0,,39.07,octahedral,fd-3m,0,CoFe2O4,CoFe2O4,5.0,,7.0,CoFe2O4,,Fe2 Co1 O4
300,Fe2 Co1 O4,Fe3 O4,,"['CoFe2O4', 'Fe3O4']",1728.159,"cubic, cubic",14.0,21.84,3.0,10.0,301,14.0,45.8,,octahedral,fd-3m,fd-3m,CoFe2O4/Fe3O4,CoFe2O4/Fe3O4,25.0,-0.7,14.0,CoFe2O4,Fe3O4,Fe2 Co1 O4 Fe3 O4
301,Fe2 Co1 O4,Fe3 O4,,"['CoFe2O4', 'Fe3O4']",17.45,"cubic, cubic",14.0,0.85,3.0,10.0,302,14.0,1.45,,octahedral,fd-3m,fd-3m,CoFe2O4/Fe3O4,CoFe2O4/Fe3O4,300.0,0.09,14.0,CoFe2O4,Fe3O4,Fe2 Co1 O4 Fe3 O4
302,Fe2 Co1 O4,Fe3 O4,,"['CoFe2O4', 'Fe3O4']",2735.0,"cubic, cubic",13.0,0.0,0.0,10.0,303,13.0,58.33,77.96,octahedral,fd-3m,fd-3m,CoFe2O4/Fe3O4,CoFe2O4/Fe3O4,5.0,0.0,13.0,CoFe2O4,Fe3O4,Fe2 Co1 O4 Fe3 O4
303,Fe2 Co1 O4,Fe3 O4,,"['CoFe2O4', 'Fe3O4']",2155.09,"cubic, cubic",13.0,-86.0,2.0,10.0,304,13.0,48.815,74.4,octahedral,fd-3m,fd-3m,CoFe2O4/Fe3O4,CoFe2O4/Fe3O4,5.0,1.72,13.0,CoFe2O4,Fe3O4,Fe2 Co1 O4 Fe3 O4
304,Fe2 Co1 O4,Fe3 O4,,"['CoFe2O4', 'Fe3O4']",1928.8,"cubic, cubic",13.0,-10.8,2.0,10.0,305,13.0,46.985,74.6,octahedral,fd-3m,fd-3m,CoFe2O4/Fe3O4,CoFe2O4/Fe3O4,25.0,2.26,13.0,CoFe2O4,Fe3O4,Fe2 Co1 O4 Fe3 O4
305,Fe2 Co1 O4,Fe3 O4,,"['CoFe2O4', 'Fe3O4']",1540.9285,"cubic, cubic",13.0,-10.7,2.0,10.0,306,13.0,43.4385,73.97,octahedral,fd-3m,fd-3m,CoFe2O4/Fe3O4,CoFe2O4/Fe3O4,50.0,2.8,13.0,CoFe2O4,Fe3O4,Fe2 Co1 O4 Fe3 O4
306,Fe2 Co1 O4,Fe3 O4,,"['CoFe2O4', 'Fe3O4']",678.85,"cubic, cubic",13.0,-32.33,2.0,10.0,307,13.0,31.396,75.48,octahedral,fd-3m,fd-3m,CoFe2O4/Fe3O4,CoFe2O4/Fe3O4,100.0,3.86,13.0,CoFe2O4,Fe3O4,Fe2 Co1 O4 Fe3 O4
307,Fe2 Co1 O4,Fe3 O4,,"['CoFe2O4', 'Fe3O4']",,"cubic, cubic",13.0,,2.0,10.0,308,13.0,,74.83,octahedral,fd-3m,fd-3m,CoFe2O4/Fe3O4,CoFe2O4/Fe3O4,200.0,,13.0,CoFe2O4,Fe3O4,Fe2 Co1 O4 Fe3 O4
308,Fe2 Co1 O4,Fe3 O4,,"['CoFe2O4', 'Fe3O4']",,"cubic, cubic",13.0,,2.0,10.0,309,13.0,1.529,69.97,octahedral,fd-3m,fd-3m,CoFe2O4/Fe3O4,CoFe2O4/Fe3O4,300.0,,13.0,CoFe2O4,Fe3O4,Fe2 Co1 O4 Fe3 O4
309,Fe2 Co1 O4,Fe3 O4,,"['CoFe2O4', 'Fe3O4']",943.658,"cubic, cubic",18.2,-70.342,2.0,10.0,310,18.2,,45.1,egg,fd-3m,fd-3m,CoFe2O4/Fe3O4,CoFe2O4/Fe3O4,5.0,3.835,18.2,CoFe2O4,Fe3O4,Fe2 Co1 O4 Fe3 O4
310,Fe2 Co1 O4,Fe3 O4,,"['CoFe2O4', 'Fe3O4']",957.76,"cubic, cubic",18.2,-85.63,2.0,10.0,311,18.2,,43.4,egg,fd-3m,fd-3m,CoFe2O4/Fe3O4,CoFe2O4/Fe3O4,25.0,5.535,18.2,CoFe2O4,Fe3O4,Fe2 Co1 O4 Fe3 O4
311,Fe2 Co1 O4,Fe3 O4,,"['CoFe2O4', 'Fe3O4']",880.0,"cubic, cubic",18.2,-77.74,2.0,10.0,312,18.2,,40.0,egg,fd-3m,fd-3m,CoFe2O4/Fe3O4,CoFe2O4/Fe3O4,50.0,4.255,18.2,CoFe2O4,Fe3O4,Fe2 Co1 O4 Fe3 O4
312,Fe2 Co1 O4,Fe3 O4,,"['CoFe2O4', 'Fe3O4']",408.44,"cubic, cubic",18.2,-112.875,2.0,10.0,313,18.2,,25.74,egg,fd-3m,fd-3m,CoFe2O4/Fe3O4,CoFe2O4/Fe3O4,100.0,6.6,18.2,CoFe2O4,Fe3O4,Fe2 Co1 O4 Fe3 O4
313,Fe2 Co1 O4,Fe3 O4,,"['CoFe2O4', 'Fe3O4']",,"cubic, cubic",18.2,,2.0,10.0,314,18.2,,,egg,fd-3m,fd-3m,CoFe2O4/Fe3O4,CoFe2O4/Fe3O4,200.0,,18.2,CoFe2O4,Fe3O4,Fe2 Co1 O4 Fe3 O4
314,Fe2 Co1 O4,Fe3 O4,,"['CoFe2O4', 'Fe3O4']",935.0,"cubic, cubic",18.2,,2.0,10.0,315,18.2,,66.16,egg,fd-3m,fd-3m,CoFe2O4/Fe3O4,CoFe2O4/Fe3O4,300.0,,18.2,CoFe2O4,Fe3O4,Fe2 Co1 O4 Fe3 O4
315,Dy1 Ti1 Cr1 O5,,,['DyCrTiO5'],47.826,orthorhombic,37.0,-30.0,6.0,60.0,316,37.0,,,sphere,pbam,0,DyCrTiO5,DyCrTiO5,10.0,,37.0,DyCrTiO5,,Dy1 Ti1 Cr1 O5
316,Dy1 Ti1 Cr1 O5,,,['DyCrTiO5'],35.5,orthorhombic,37.0,-130.0,6.0,60.0,317,37.0,,,sphere,pbam,0,DyCrTiO5,DyCrTiO5,10.0,,37.0,DyCrTiO5,,Dy1 Ti1 Cr1 O5
317,Co1,Co1 O1,,"['Co', 'CoO']",1840.0,"cubic, cubic",28.98,-848.0,1.0,8.0,318,28.98,22.4,30.68,sphere,fm-3m,fm-3m,Co/CoO,Co/CoO,4.0,0.0,28.98,Co,CoO,Co1 Co1 O1
318,Co1,Co1 O1,,"['Co', 'CoO']",1793.0,"cubic, cubic",28.98,-800.0,1.0,8.0,319,28.98,9.75,27.55,sphere,fm-3m,fm-3m,Co/CoO,Co/CoO,4.0,0.0,28.98,Co,CoO,Co1 Co1 O1
319,Co1,Co1 O1,,"['Co', 'CoO']",1600.0,"cubic, cubic",28.98,-784.0,1.0,8.0,320,28.98,9.9,30.11,sphere,fm-3m,fm-3m,Co/CoO,Co/CoO,4.0,0.0,28.98,Co,CoO,Co1 Co1 O1
320,Co1,Co1 O1,,"['Co', 'CoO']",1520.0,"cubic, cubic",30.06,-720.0,1.0,8.0,321,30.06,9.629,33.06,sphere,fm-3m,fm-3m,Co/CoO,Co/CoO,4.0,0.0,30.06,Co,CoO,Co1 Co1 O1
321,Co1,Co1 O1,,"['Co', 'CoO']",1440.0,"cubic, cubic",30.06,-640.0,1.0,8.0,322,30.06,10.2439,35.4,sphere,fm-3m,fm-3m,Co/CoO,Co/CoO,4.0,0.0,30.06,Co,CoO,Co1 Co1 O1
322,Co1,Co1 O1,,"['Co', 'CoO']",1440.0,"cubic, cubic",30.06,-640.0,1.0,8.0,323,30.06,9.268,37.8,sphere,fm-3m,fm-3m,Co/CoO,Co/CoO,4.0,0.0,30.06,Co,CoO,Co1 Co1 O1
323,Co1,Co1 O1,,"['Co', 'CoO']",1360.0,"cubic, cubic",30.06,-480.0,1.0,8.0,324,30.06,10.3448,59.78,sphere,fm-3m,fm-3m,Co/CoO,Co/CoO,4.0,0.0,30.06,Co,CoO,Co1 Co1 O1
324,Co1,Co1 O1,,"['Co', 'CoO']",1191.0,"cubic, cubic",30.06,-473.0,1.0,8.0,325,30.06,17.78,112.416,sphere,fm-3m,fm-3m,Co/CoO,Co/CoO,4.0,0.0,30.06,Co,CoO,Co1 Co1 O1
325,Co1,Co1 O1,,"['Co', 'CoO']",1448.97,"cubic, cubic",30.06,-601.796,1.0,40.0,326,30.06,,37.17,sphere,fm-3m,fm-3m,Co/CoO,Co/CoO,5.0,,30.06,Co,CoO,Co1 Co1 O1
326,Co1,Co1 O1,,"['Co', 'CoO']",1443.868,"cubic, cubic",30.06,-433.7,1.0,40.0,327,30.06,,33.385,sphere,fm-3m,fm-3m,Co/CoO,Co/CoO,50.0,,30.06,Co,CoO,Co1 Co1 O1
327,Co1,Co1 O1,,"['Co', 'CoO']",1153.0,"cubic, cubic",30.06,-683.824,1.0,40.0,328,30.06,8.9,29.735,sphere,fm-3m,fm-3m,Co/CoO,Co/CoO,100.0,1.9,30.06,Co,CoO,Co1 Co1 O1
328,Co1,Co1 O1,,"['Co', 'CoO']",918.412,"cubic, cubic",30.06,-234.671,1.0,40.0,329,30.06,7.87,27.26,sphere,fm-3m,fm-3m,Co/CoO,Co/CoO,150.0,1.5,30.06,Co,CoO,Co1 Co1 O1
329,Co1,Co1 O1,,"['Co', 'CoO']",663.335,"cubic, cubic",30.06,-91.665,1.0,40.0,330,30.06,5.726,24.128,sphere,fm-3m,fm-3m,Co/CoO,Co/CoO,200.0,0.749,30.06,Co,CoO,Co1 Co1 O1
330,Co1,Co1 O1,,"['Co', 'CoO']",443.872,"cubic, cubic",30.06,-56.0,1.0,40.0,331,30.06,4.58,21.5,sphere,fm-3m,fm-3m,Co/CoO,Co/CoO,250.0,0.58,30.06,Co,CoO,Co1 Co1 O1
331,Co1,Co1 O1,,"['Co', 'CoO']",676.67,"cubic, cubic",30.06,-60.146,0.02,,332,30.06,,,sphere,fm-3m,fm-3m,Co/CoO,Co/CoO,4.0,,30.06,Co,CoO,Co1 Co1 O1
332,Co1,Co1 O1,,"['Co', 'CoO']",721.784,"cubic, cubic",30.06,-180.446,0.05,,333,30.06,,,sphere,fm-3m,fm-3m,Co/CoO,Co/CoO,4.0,,30.06,Co,CoO,Co1 Co1 O1
333,Co1,Co1 O1,,"['Co', 'CoO']",1030.184,"cubic, cubic",30.06,-533.957,0.5,,334,30.06,,,sphere,fm-3m,fm-3m,Co/CoO,Co/CoO,4.0,,30.06,Co,CoO,Co1 Co1 O1
334,Co1,Co1 O1,,"['Co', 'CoO']",1075.184,"cubic, cubic",30.06,-578.9,5.0,,335,30.06,,,sphere,fm-3m,fm-3m,Co/CoO,Co/CoO,4.0,,30.06,Co,CoO,Co1 Co1 O1
335,Gd1 Ti1 Cr1 O5,,,['GdCrTiO5'],260.4,orthorhombic,38.0,81.11,7.0,80.0,336,38.0,1.24,101.25,sphere,pbam,0,GdCrTiO5,GdCrTiO5,2.0,-0.44,38.0,GdCrTiO5,,Gd1 Ti1 Cr1 O5
336,Gd1 Ti1 Cr1 O5,,,['GdCrTiO5'],268.92,orthorhombic,38.0,79.292,7.0,80.0,337,38.0,0.56,80.0,sphere,pbam,0,GdCrTiO5,GdCrTiO5,10.0,-0.16,38.0,GdCrTiO5,,Gd1 Ti1 Cr1 O5
337,Gd1 Ti1 Cr1 O5,,,['GdCrTiO5'],234.4,orthorhombic,38.0,113.716,7.0,80.0,338,38.0,0.06,30.0,sphere,pbam,0,GdCrTiO5,GdCrTiO5,50.0,-0.12,38.0,GdCrTiO5,,Gd1 Ti1 Cr1 O5
338,Ni1 O1,Mn2 Co1 O4,,"['NiO', 'CoMn2O4']",577.7,"cubic, tetragonal",11.87,-871.02,0.01,25.0,339,11.87,0.49,3.295,sphere,fm-3m,i41/amd,NiO/CoMn2O4,NiO/CoMn2O4,5.0,0.677,11.87,NiO,CoMn2O4,Ni1 O1 Mn2 Co1 O4
339,Ni1 O1,Mn2 Co1 O4,,"['NiO', 'CoMn2O4']",3467.27,"cubic, tetragonal",20.65,-1480.01,0.01,25.0,340,20.65,0.59,1.278,sphere,fm-3m,i41/amd,NiO/CoMn2O4,NiO/CoMn2O4,5.0,0.156,20.65,NiO,CoMn2O4,Ni1 O1 Mn2 Co1 O4
340,Ni1 O1,Mn2 Co1 O4,,"['NiO', 'CoMn2O4']",229.74,"cubic, tetragonal",25.24,-159.24,0.01,25.0,341,25.24,0.3,2.26,sphere,fm-3m,i41/amd,NiO/CoMn2O4,NiO/CoMn2O4,5.0,0.115,25.24,NiO,CoMn2O4,Ni1 O1 Mn2 Co1 O4
341,Ni1 O1,Mn2 Co1 O4,,"['NiO', 'CoMn2O4']",2215.15,"cubic, tetragonal",26.22,-473.62,0.01,25.0,342,26.22,0.83,1.72,sphere,fm-3m,i41/amd,NiO/CoMn2O4,NiO/CoMn2O4,5.0,0.167,26.22,NiO,CoMn2O4,Ni1 O1 Mn2 Co1 O4
342,Fe2 O3,,,['Fe2O3'],919.2,cubic,12.2,50.0,0.0,80.0,343,12.2,,65.82,sphere,p4332,0,γ-Fe2O3,γ-Fe2O3,300.0,0.0,12.2,Fe2O3,,Fe2 O3
343,Fe2 O3,,,['Fe2O3'],821.583,cubic,10.0,50.0,0.0,80.0,344,10.0,,66.72,sphere,p4332,0,γ-Fe2O3,γ-Fe2O3,300.0,0.0,10.0,Fe2O3,,Fe2 O3
344,Fe2 O3,,,['Fe2O3'],681.9,cubic,8.8,50.0,0.0,80.0,345,8.8,,51.22,sphere,p4332,0,γ-Fe2O3,γ-Fe2O3,300.0,0.0,8.8,Fe2O3,,Fe2 O3
345,Fe2 O3,,,['Fe2O3'],620.483,cubic,11.1,50.0,0.0,80.0,346,11.1,,54.42,sphere,p4332,0,γ-Fe2O3,γ-Fe2O3,300.0,0.0,11.1,Fe2O3,,Fe2 O3
346,Fe2 O3,,,['Fe2O3'],751.664,cubic,13.8,50.0,0.0,80.0,347,13.8,,58.91,sphere,p4332,0,γ-Fe2O3,γ-Fe2O3,300.0,0.0,13.8,Fe2O3,,Fe2 O3
347,Fe2 O3,,,['Fe2O3'],771.36,cubic,11.7,50.0,0.0,80.0,348,11.7,,45.92,sphere,p4332,0,γ-Fe2O3,γ-Fe2O3,300.0,0.0,11.7,Fe2O3,,Fe2 O3
348,Fe2 O3,,,['Fe2O3'],1026.1,cubic,12.2,0.0,1.0,80.0,349,12.2,16.77,73.32,sphere,p4332,0,γ-Fe2O3,γ-Fe2O3,5.0,,12.2,Fe2O3,,Fe2 O3
349,Fe2 O3,,,['Fe2O3'],907.19,cubic,10.0,0.0,1.0,80.0,350,10.0,19.35,74.62,sphere,p4332,0,γ-Fe2O3,γ-Fe2O3,5.0,,10.0,Fe2O3,,Fe2 O3
350,Fe2 O3,,,['Fe2O3'],730.0,cubic,8.8,0.0,1.0,80.0,351,8.8,13.548,57.92,sphere,p4332,0,γ-Fe2O3,γ-Fe2O3,5.0,,8.8,Fe2O3,,Fe2 O3
351,Fe2 O3,,,['Fe2O3'],743.639,cubic,11.1,0.0,1.0,80.0,352,11.1,13.548,59.92,sphere,p4332,0,γ-Fe2O3,γ-Fe2O3,5.0,0.0,11.1,Fe2O3,,Fe2 O3
352,Fe2 O3,,,['Fe2O3'],873.49871,cubic,13.8,0.0,1.0,80.0,353,13.8,15.48,65.42,sphere,p4332,0,γ-Fe2O3,γ-Fe2O3,5.0,0.0,13.8,Fe2O3,,Fe2 O3
353,Fe2 O3,,,['Fe2O3'],702.13958,cubic,11.7,0.0,1.0,80.0,354,11.7,11.935,51.62,sphere,p4332,0,γ-Fe2O3,γ-Fe2O3,5.0,0.0,11.7,Fe2O3,,Fe2 O3
354,Ba1 Fe12 O19,Fe3 O4,,"['BaFe12O19', 'Fe3O4']",1045.0,"hexagonal, cubic",17.0,0.0,0.0,30.0,355,17.0,12.0,41.21,octahedral,p63mc,fd-3m,BaFe12O19/Fe3O4,BaFe12O19/Fe3O4,300.0,0.0,17.0,BaFe12O19,Fe3O4,Ba1 Fe12 O19 Fe3 O4
355,Ba1 Fe12 O19,Fe3 O4,,"['BaFe12O19', 'Fe3O4']",232.0,"hexagonal, cubic",13.0,0.0,0.0,30.0,356,13.0,3.2,28.28,octahedral,p63mc,fd-3m,BaFe12O19/Fe3O4,BaFe12O19/Fe3O4,300.0,0.0,13.0,BaFe12O19,Fe3O4,Ba1 Fe12 O19 Fe3 O4
356,Ba1 Fe12 O19,Fe3 O4,,"['BaFe12O19', 'Fe3O4']",1571.0,"hexagonal, cubic",17.0,-204.0,2.0,30.0,357,17.0,,,octahedral,p63mc,fd-3m,BaFe12O19/Fe3O4,BaFe12O19/Fe3O4,4.0,,17.0,BaFe12O19,Fe3O4,Ba1 Fe12 O19 Fe3 O4
357,Ba1 Fe12 O19,Fe3 O4,,"['BaFe12O19', 'Fe3O4']",974.0,"hexagonal, cubic",13.0,-254.0,2.0,30.0,358,13.0,0.1027,0.2087,octahedral,p63mc,fd-3m,BaFe12O19/Fe3O4,BaFe12O19/Fe3O4,4.0,0.0194,13.0,BaFe12O19,Fe3O4,Ba1 Fe12 O19 Fe3 O4
358,Fe3 O4,Ni1 O1,,"['Fe3O4', 'NiO']",95.69,"cubic, cubic",36.44,-329.43,,15.0,359,36.44,,49.5,sphere,fd-3m,fm-3m,Fe3O4@NiO,Fe3O4@NiO,60.0,0.0,36.44,Fe3O4,NiO,Fe3 O4 Ni1 O1
359,Ni1 O1,Fe3 O4,,"['NiO', 'Fe3O4']",145.18,"cubic, cubic",31.75,145.18,,15.0,360,31.75,,33.75,sphere,fm-3m,fd-3m,NiO@Fe3O4,NiO@Fe3O4,60.0,0.0,31.75,NiO,Fe3O4,Ni1 O1 Fe3 O4
360,Fe2 Ni1 O4,Co1 O1,,"['NiFe2O4', 'CoO']",12180.0,"cubic, cubic",8.0,-135.0,5.0,60.0,361,8.0,38.148,48.0,sphere,fd-3m,fm-3m,NiFe2O4/CoO,NiFe2O4/CoO,5.0,0.0,8.0,NiFe2O4,CoO,Fe2 Ni1 O4 Co1 O1
361,Fe2 Ni1 O4,Co1 O1,,"['NiFe2O4', 'CoO']",12110.0,"cubic, cubic",11.0,-161.0,5.0,60.0,362,11.0,12.592,16.5,sphere,fd-3m,fm-3m,NiFe2O4/CoO,NiFe2O4/CoO,5.0,0.0,11.0,NiFe2O4,CoO,Fe2 Ni1 O4 Co1 O1
362,Fe2 Ni1 O4,Co1 O1,,"['NiFe2O4', 'CoO']",12040.0,"cubic, cubic",12.0,-143.0,5.0,60.0,363,12.0,14.81,19.0,sphere,fd-3m,fm-3m,NiFe2O4/CoO,NiFe2O4/CoO,5.0,0.0,12.0,NiFe2O4,CoO,Fe2 Ni1 O4 Co1 O1
363,Fe2 Ni1 O4,Co1 O1,,"['NiFe2O4', 'CoO']",1150.0,"cubic, cubic",8.0,0.0,0.0,60.0,364,8.0,13.7,47.0,sphere,fd-3m,fm-3m,NiFe2O4/CoO,NiFe2O4/CoO,300.0,0.0,8.0,NiFe2O4,CoO,Fe2 Ni1 O4 Co1 O1
364,Fe2 Ni1 O4,Co1 O1,,"['NiFe2O4', 'CoO']",1160.0,"cubic, cubic",11.0,0.0,0.0,60.0,365,11.0,6.7,16.3,sphere,fd-3m,fm-3m,NiFe2O4/CoO,NiFe2O4/CoO,300.0,0.0,11.0,NiFe2O4,CoO,Fe2 Ni1 O4 Co1 O1
365,Fe2 Ni1 O4,Co1 O1,,"['NiFe2O4', 'CoO']",1160.0,"cubic, cubic",12.0,0.0,0.0,60.0,366,12.0,7.037,18.7,sphere,fd-3m,fm-3m,NiFe2O4/CoO,NiFe2O4/CoO,300.0,0.0,12.0,NiFe2O4,CoO,Fe2 Ni1 O4 Co1 O1
366,Co1,Co1 O1,,"['Co', 'CoO']",504.0,"hexagonal, cubic",800.0,-182.0,1.0,6.0,367,800.0,,,sphere,p63/mmc,fm-3m,Co/CoO,Co/CoO,5.0,0.0,800.0,Co,CoO,Co1 Co1 O1
367,Co1,Co1 O1,,"['Co', 'CoO']",446.0,"hexagonal, cubic",800.0,-126.0,1.0,6.0,368,800.0,,,sphere,p63/mmc,fm-3m,Co/CoO,Co/CoO,5.0,0.0,800.0,Co,CoO,Co1 Co1 O1
368,Co1,Co1 O1,,"['Co', 'CoO']",318.0,"hexagonal, cubic",800.0,-374.0,1.0,6.0,369,800.0,,,sphere,p63/mmc,fm-3m,Co/CoO,Co/CoO,5.0,0.0,800.0,Co,CoO,Co1 Co1 O1
369,Co1,Co1 O1,,"['Co', 'CoO']",357.0,"hexagonal, cubic",800.0,-685.0,1.0,6.0,370,800.0,,,sphere,p63/mmc,fm-3m,Co/CoO,Co/CoO,5.0,0.0,800.0,Co,CoO,Co1 Co1 O1
370,Co1,Co1 O1,,"['Co', 'CoO']",504.0,"hexagonal, cubic",800.0,-182.0,1.0,6.0,371,800.0,,,sphere,p63/mmc,fm-3m,Co/CoO,Co/CoO,5.0,0.0,800.0,Co,CoO,Co1 Co1 O1
371,Co1,Co1 O1,,"['Co', 'CoO']",332.0,"hexagonal, cubic",800.0,-94.0,1.0,6.0,372,800.0,,,sphere,p63/mmc,fm-3m,Co/CoO,Co/CoO,5.0,0.0,800.0,Co,CoO,Co1 Co1 O1
372,Co1,Co1 O1,,"['Co', 'CoO']",218.0,"hexagonal, cubic",800.0,-314.0,1.0,6.0,373,800.0,,,sphere,p63/mmc,fm-3m,Co/CoO,Co/CoO,5.0,0.0,800.0,Co,CoO,Co1 Co1 O1
373,Co1,Co1 O1,,"['Co', 'CoO']",354.0,"hexagonal, cubic",800.0,-685.0,1.0,6.0,374,800.0,,,sphere,p63/mmc,fm-3m,Co/CoO,Co/CoO,5.0,0.0,800.0,Co,CoO,Co1 Co1 O1
374,Cr2 Co1 O4,,,['CoCr2O4'],9130.43,cubic,30.0,-1304.348,3.5,80.0,375,30.0,2.3944,6.2,hexagonal,fd-3m,0,CoCr2O4,CoCr2O4,2.0,0.0,30.0,CoCr2O4,,Cr2 Co1 O4
375,Cr2 Co1 O4,,,['CoCr2O4'],8478.26,cubic,30.0,1195.65,3.5,80.0,376,30.0,2.11,6.2,hexagonal,fd-3m,0,CoCr2O4,CoCr2O4,2.0,0.0,30.0,CoCr2O4,,Cr2 Co1 O4
376,Cr2 Co1 O4,,,['CoCr2O4'],10000.0,cubic,30.0,-763.0,1.0,80.0,377,30.0,2.2456,5.79,hexagonal,fd-3m,0,CoCr2O4,CoCr2O4,2.0,0.0,30.0,CoCr2O4,,Cr2 Co1 O4
377,Cr2 Co1 O4,,,['CoCr2O4'],9812.5,cubic,30.0,-506.0,1.0,80.0,378,30.0,2.175,5.75,hexagonal,fd-3m,0,CoCr2O4,CoCr2O4,8.0,0.0,30.0,CoCr2O4,,Cr2 Co1 O4
378,Cr2 Co1 O4,,,['CoCr2O4'],9687.5,cubic,30.0,-379.0,1.0,80.0,379,30.0,2.175,5.75,hexagonal,fd-3m,0,CoCr2O4,CoCr2O4,10.0,0.0,30.0,CoCr2O4,,Cr2 Co1 O4
379,Cr2 Co1 O4,,,['CoCr2O4'],8189.5,cubic,30.0,-340.5,1.0,80.0,380,30.0,2.133,6.0,hexagonal,fd-3m,0,CoCr2O4,CoCr2O4,15.0,0.0,30.0,CoCr2O4,,Cr2 Co1 O4
380,Cr2 Co1 O4,,,['CoCr2O4'],7920.689,cubic,30.0,-178.869,1.0,80.0,381,30.0,2.1,5.979,hexagonal,fd-3m,0,CoCr2O4,CoCr2O4,20.0,0.0,30.0,CoCr2O4,,Cr2 Co1 O4
381,Cr2 Co1 O4,,,['CoCr2O4'],7508.612,cubic,30.0,-124.743,1.0,80.0,382,30.0,2.0,6.2,hexagonal,fd-3m,0,CoCr2O4,CoCr2O4,25.0,0.0,30.0,CoCr2O4,,Cr2 Co1 O4
382,Cr2 Co1 O4,,,['CoCr2O4'],7705.6475,cubic,30.0,-179.2,1.0,80.0,383,30.0,1.967,5.9,hexagonal,fd-3m,0,CoCr2O4,CoCr2O4,30.0,0.0,30.0,CoCr2O4,,Cr2 Co1 O4
383,Cr2 Co1 O4,,,['CoCr2O4'],6289.9845,cubic,30.0,-18.0,1.0,80.0,384,30.0,2.3,6.151,hexagonal,fd-3m,0,CoCr2O4,CoCr2O4,40.0,0.0,30.0,CoCr2O4,,Cr2 Co1 O4
384,Cr2 Co1 O4,,,['CoCr2O4'],3512.753,cubic,30.0,-108.706,1.0,80.0,385,30.0,2.994,7.6,hexagonal,fd-3m,0,CoCr2O4,CoCr2O4,60.0,0.0,30.0,CoCr2O4,,Cr2 Co1 O4
385,Cr2 Co1 O4,,,['CoCr2O4'],1397.7685,cubic,30.0,-35.3685,1.0,80.0,386,30.0,3.0,8.0,hexagonal,fd-3m,0,CoCr2O4,CoCr2O4,80.0,0.0,30.0,CoCr2O4,,Cr2 Co1 O4
386,Fe1 Ni1,,,['FeNi'],121.0,tetragonal,21.0,0.0,0.0,30.0,387,21.0,7.2,83.0,sphere,p4/mmm,0,FeNi,FeNi,300.0,0.0,21.0,FeNi,,Fe1 Ni1
387,Fe1 Ni1,,,['FeNi'],127.0,tetragonal,21.0,0.0,0.0,30.0,388,21.0,7.8,96.0,sphere,p4/mmm,0,FeNi,FeNi,50.0,0.0,21.0,FeNi,,Fe1 Ni1
388,Fe1 Ni1,,,['FeNi'],141.0,tetragonal,21.0,14.0,3.0,30.0,389,21.0,8.4,96.0,sphere,p4/mmm,0,FeNi,FeNi,50.0,0.0,21.0,FeNi,,Fe1 Ni1
389,Mn1,Mn3 O4,,"['Mn', 'Mn3O4']",1484.0,"cubic, tetragonal",3.4,-1217.0,5.0,60.0,390,3.4,0.123,3.367,sphere,i-43m,i41/amd,α-Mn/Mn3O4,α-Mn/Mn3O4,5.0,0.0923,3.4,Mn,Mn3O4,Mn1 Mn3 O4
390,Mn1,Mn3 O4,,"['Mn', 'Mn3O4']",305.0,"cubic, tetragonal",6.3,-4408.0,5.0,50.0,391,6.3,0.173,3.585,sphere,i-43m,i41/amd,α-Mn/Mn3O4,α-Mn/Mn3O4,5.0,0.00456,6.3,Mn,Mn3O4,Mn1 Mn3 O4
391,Mn1,Mn3 O4,,"['Mn', 'Mn3O4']",1106.0,"cubic, tetragonal",5.24,-6350.0,5.0,60.0,392,5.24,0.11,2.159,sphere,i-43m,i41/amd,α-Mn/Mn3O4,α-Mn/Mn3O4,5.0,0.2596,5.24,Mn,Mn3O4,Mn1 Mn3 O4
392,Fe3 O4,Fe2 Co1 O4,,"['Fe3O4', 'CoFe2O4']",97.0,"cubic, cubic",47.0,0.0,1.5,15.0,393,47.0,8.125,61.6,sphere,fd-3m,fd-3m,Fe3O4/CoFe2O4,Fe3O4/CoFe2O4,,0.0,47.0,Fe3O4,CoFe2O4,Fe3 O4 Fe2 Co1 O4
393,Fe3 O4,Fe2 Co1 O4,,"['Fe3O4', 'CoFe2O4']",360.0,"cubic, cubic",47.0,0.0,1.5,15.0,394,47.0,20.0,63.24,sphere,fd-3m,fd-3m,Fe3O4/CoFe2O4,Fe3O4/CoFe2O4,,0.0,47.0,Fe3O4,CoFe2O4,Fe3 O4 Fe2 Co1 O4
394,Fe3 O4,,,['Fe3O4'],15.0,cubic,9.0,0.0,1.5,15.0,395,9.0,3.918,55.2,sphere,fd-3m,0,Fe3O4,Fe3O4,,0.0,9.0,Fe3O4,,Fe3 O4
395,Fe2 Co1 O4,,,['CoFe2O4'],1555.0,cubic,16.0,0.0,1.5,15.0,396,16.0,34.146,72.84,sphere,fd-3m,0,CoFe2O4,CoFe2O4,,0.0,16.0,CoFe2O4,,Fe2 Co1 O4
396,Fe3 O4,Mn1 O1,,"['Fe3O4', 'MnO']",8649.5,"orthorhombic, cubic",13.0,-909.0,5.0,6.0,397,13.0,1.5625,5.625,sphere,cmcm,fm-3m,Fe3O4/MnO,Fe3O4/MnO,5.0,1.125,13.0,Fe3O4,MnO,Fe3 O4 Mn1 O1
397,Fe3 O4,Mn1 O1,,"['Fe3O4', 'MnO']",6995.0,"orthorhombic, cubic",580.0,727.0,5.0,6.0,398,580.0,1.5625,5.625,sphere,cmcm,fm-3m,Fe3O4/MnO,Fe3O4/MnO,5.0,1.5,580.0,Fe3O4,MnO,Fe3 O4 Mn1 O1
398,Fe3 O4,Mn1 O1,,"['Fe3O4', 'MnO']",6944.0,"orthorhombic, cubic",580.0,-2083.0,5.0,50.0,399,580.0,1.458,7.0,sphere,cmcm,fm-3m,Fe3O4/MnO,Fe3O4/MnO,10.0,0.486,580.0,Fe3O4,MnO,Fe3 O4 Mn1 O1
399,Fe3 O4,Mn1 O1,,"['Fe3O4', 'MnO']",5555.0,"orthorhombic, cubic",580.0,,5.0,50.0,400,580.0,0.77,7.0,sphere,cmcm,fm-3m,Fe3O4/MnO,Fe3O4/MnO,20.0,0.0,580.0,Fe3O4,MnO,Fe3 O4 Mn1 O1
400,Fe3 O4,Mn1 O1,,"['Fe3O4', 'MnO']",4158.5,"orthorhombic, cubic",580.0,-10414.0,3.0,50.0,401,580.0,0.675,3.75,sphere,cmcm,fm-3m,Fe3O4/MnO,Fe3O4/MnO,5.0,1.661,580.0,Fe3O4,MnO,Fe3 O4 Mn1 O1
401,Fe3 O4,Mn1 O1,,"['Fe3O4', 'MnO']",6621.96,"orthorhombic, cubic",580.0,-8514.586,4.0,50.0,402,580.0,1.05,4.75,sphere,cmcm,fm-3m,Fe3O4/MnO,Fe3O4/MnO,5.0,1.393,580.0,Fe3O4,MnO,Fe3 O4 Mn1 O1
402,Fe3 O4,Mn1 O1,,"['Fe3O4', 'MnO']",8823.154,"orthorhombic, cubic",580.0,-6372.383,5.0,50.0,403,580.0,1484.5,6.5,sphere,cmcm,fm-3m,Fe3O4/MnO,Fe3O4/MnO,5.0,1.484,580.0,Fe3O4,MnO,Fe3 O4 Mn1 O1
403,Fe3 O4,Mn1 O1,,"['Fe3O4', 'MnO']",9980.32,"orthorhombic, cubic",580.0,-5325.26,6.0,50.0,404,580.0,1.7485,7.37,sphere,cmcm,fm-3m,Fe3O4/MnO,Fe3O4/MnO,5.0,0.9685,580.0,Fe3O4,MnO,Fe3 O4 Mn1 O1
404,Fe1,Fe3 C1,,"['Fe', 'Fe3C']",2500.0,"cubic, orthorhombic",45.0,0.0,2.0,15.0,405,45.0,8.6,17.4,polyhedron,im-3m,pnma,Fe/Fe3C,Fe/Fe3C,10.0,0.0,45.0,Fe,Fe3C,Fe1 Fe3 C1
405,Fe1,Fe3 C1,,"['Fe', 'Fe3C']",2600.0,"cubic, orthorhombic",50.0,0.0,2.0,15.0,406,50.0,10.1,20.3,polyhedron,im-3m,pnma,Fe/Fe3C,Fe/Fe3C,10.0,0.0,50.0,Fe,Fe3C,Fe1 Fe3 C1
406,Fe1,Fe3 C1,,"['Fe', 'Fe3C']",2650.0,"cubic, orthorhombic",60.0,0.0,2.0,15.0,407,60.0,7.6,15.4,polyhedron,im-3m,pnma,Fe/Fe3C,Fe/Fe3C,10.0,0.0,60.0,Fe,Fe3C,Fe1 Fe3 C1
407,Fe1,Fe3 O4,,"['Fe', 'Fe3O4']",950.0,"cubic, orthorhombic",30.0,0.0,2.0,15.0,408,30.0,4.9,17.9,sphere,im-3m,pnma,Fe/Fe3O4,Fe/Fe3O4,10.0,0.0,30.0,Fe,Fe3O4,Fe1 Fe3 O4
408,Fe1,Fe3 O4,,"['Fe', 'Fe3O4']",920.0,"cubic, orthorhombic",35.0,0.0,2.0,15.0,409,35.0,6.3,22.1,sphere,im-3m,pnma,Fe/Fe3O4,Fe/Fe3O4,10.0,0.0,35.0,Fe,Fe3O4,Fe1 Fe3 O4
409,Fe1,Fe3 O4,,"['Fe', 'Fe3O4']",1250.0,"cubic, orthorhombic",40.0,0.0,2.0,15.0,410,40.0,6.6,19.8,sphere,im-3m,pnma,Fe/Fe3O4,Fe/Fe3O4,10.0,0.0,40.0,Fe,Fe3O4,Fe1 Fe3 O4
410,Fe1,Fe3 O4,,"['Fe', 'Fe3O4']",1273.0,"cubic, orthorhombic",45.0,0.0,2.0,15.0,411,45.0,2.7,8.9,sphere,im-3m,pnma,Fe/Fe3O4,Fe/Fe3O4,10.0,0.0,45.0,Fe,Fe3O4,Fe1 Fe3 O4
411,Fe1,Fe3 O4,,"['Fe', 'Fe3O4']",1000.0,"cubic, orthorhombic",50.0,0.0,2.0,15.0,412,50.0,0.4,1.3,sphere,im-3m,pnma,Fe/Fe3O4,Fe/Fe3O4,10.0,0.0,50.0,Fe,Fe3O4,Fe1 Fe3 O4
412,Fe1,Fe3 O4,,"['Fe', 'Fe3O4']",500.0,"cubic, orthorhombic",55.0,0.0,2.0,15.0,413,55.0,0.6,2.4,sphere,im-3m,pnma,Fe/Fe3O4,Fe/Fe3O4,10.0,0.0,55.0,Fe,Fe3O4,Fe1 Fe3 O4
413,Fe2 Co1 O4,Ni1 O1,,"['CoFe2O4', 'NiO']",582.0,"cubic, cubic",0.0,0.0,0.0,40.0,414,800.0,8.0,18.5,rod,fd-3m,fm-3m,CoFe2O4@NiO,CoFe2O4@NiO,300.0,0.0,110.0,CoFe2O4,NiO,Fe2 Co1 O4 Ni1 O1
414,Fe2 Co1 O4,Ni1 O1,,"['CoFe2O4', 'NiO']",775.0,"cubic, cubic",0.0,0.0,0.0,40.0,415,800.0,11.2,27.4,rod,fd-3m,fm-3m,CoFe2O4@NiO,CoFe2O4@NiO,300.0,0.0,110.0,CoFe2O4,NiO,Fe2 Co1 O4 Ni1 O1
415,Fe2 Co1 O4,Ni1 O1,,"['CoFe2O4', 'NiO']",821.0,"cubic, cubic",0.0,0.0,0.0,40.0,416,800.0,4.2,32.2,rod,fd-3m,fm-3m,CoFe2O4@NiO,CoFe2O4@NiO,300.0,0.0,110.0,CoFe2O4,NiO,Fe2 Co1 O4 Ni1 O1
416,Fe2 Co1 O4,Ni1 O1,,"['CoFe2O4', 'NiO']",958.0,"cubic, cubic",0.0,0.0,0.0,40.0,417,800.0,8.5,42.7,rod,fd-3m,fm-3m,CoFe2O4@NiO,CoFe2O4@NiO,300.0,0.0,110.0,CoFe2O4,NiO,Fe2 Co1 O4 Ni1 O1
417,Fe2 Co1 O4,Ni1 O1,,"['CoFe2O4', 'NiO']",592.0,"cubic, cubic",0.0,0.0,0.0,40.0,418,800.0,16.8,38.1,rod,fd-3m,fm-3m,CoFe2O4@NiO,CoFe2O4@NiO,300.0,0.0,110.0,CoFe2O4,NiO,Fe2 Co1 O4 Ni1 O1
418,Fe2 Co1 O4,Ni1 O1,,"['CoFe2O4', 'NiO']",4263.0,"cubic, cubic",0.0,-104.0,5.0,40.0,419,800.0,11.0,17.7,rod,fd-3m,fm-3m,CoFe2O4@NiO,CoFe2O4@NiO,5.0,0.0,110.0,CoFe2O4,NiO,Fe2 Co1 O4 Ni1 O1
419,Fe2 Co1 O4,Ni1 O1,,"['CoFe2O4', 'NiO']",6315.0,"cubic, cubic",0.0,-183.0,5.0,40.0,420,800.0,22.4,30.0,rod,fd-3m,fm-3m,CoFe2O4@NiO,CoFe2O4@NiO,5.0,0.0,110.0,CoFe2O4,NiO,Fe2 Co1 O4 Ni1 O1
420,Fe2 Co1 O4,Ni1 O1,,"['CoFe2O4', 'NiO']",12334.0,"cubic, cubic",0.0,-612.0,5.0,40.0,421,800.0,22.5,34.5,rod,fd-3m,fm-3m,CoFe2O4@NiO,CoFe2O4@NiO,5.0,0.0,110.0,CoFe2O4,NiO,Fe2 Co1 O4 Ni1 O1
421,Fe2 Co1 O4,Ni1 O1,,"['CoFe2O4', 'NiO']",12653.0,"cubic, cubic",0.0,-758.0,5.0,40.0,422,800.0,32.7,47.2,rod,fd-3m,fm-3m,CoFe2O4@NiO,CoFe2O4@NiO,5.0,0.0,110.0,CoFe2O4,NiO,Fe2 Co1 O4 Ni1 O1
422,Fe2 Co1 O4,Ni1 O1,,"['CoFe2O4', 'NiO']",7820.0,"cubic, cubic",0.0,-584.0,5.0,40.0,423,800.0,33.5,41.0,rod,fd-3m,fm-3m,CoFe2O4@NiO,CoFe2O4@NiO,5.0,0.0,110.0,CoFe2O4,NiO,Fe2 Co1 O4 Ni1 O1
423,Fe3 O4,Mg1 O1,,"['Fe3O4', 'MgO']",5491.0,"cubic, cubic",24.0,-50.0,5.0,20.0,424,24.0,12.549,38.4,cubic,fd-3m,fm-3m,Fe3O4/MgO,Fe3O4/MgO,5.0,0.0,24.0,Fe3O4,MgO,Fe3 O4 Mg1 O1
424,Fe3 O4,Mg1 O1,,"['Fe3O4', 'MgO']",5033.95,"cubic, cubic",24.0,-101.55,0.0,20.0,425,24.0,15.932,30.17,cubic,fd-3m,fm-3m,Fe3O4/MgO,Fe3O4/MgO,25.0,0.0,24.0,Fe3O4,MgO,Fe3 O4 Mg1 O1
425,Fe3 O4,Mg1 O1,,"['Fe3O4', 'MgO']",3534.0,"cubic, cubic",24.0,-127.295,0.0,20.0,426,24.0,14.9,30.5,cubic,fd-3m,fm-3m,Fe3O4/MgO,Fe3O4/MgO,50.0,0.0,24.0,Fe3O4,MgO,Fe3 O4 Mg1 O1
426,Fe3 O4,Mg1 O1,,"['Fe3O4', 'MgO']",2746.15,"cubic, cubic",24.0,-101.65,0.0,20.0,427,24.0,13.9,30.5,cubic,fd-3m,fm-3m,Fe3O4/MgO,Fe3O4/MgO,75.0,0.0,24.0,Fe3O4,MgO,Fe3 O4 Mg1 O1
427,Fe3 O4,Mg1 O1,,"['Fe3O4', 'MgO']",2161.55,"cubic, cubic",24.0,-76.25,0.0,20.0,428,24.0,12.288,30.0,cubic,fd-3m,fm-3m,Fe3O4/MgO,Fe3O4/MgO,100.0,0.0,24.0,Fe3O4,MgO,Fe3 O4 Mg1 O1
428,Fe3 O4,Mg1 O1,,"['Fe3O4', 'MgO']",1525.8,"cubic, cubic",24.0,-101.0,0.0,20.0,429,24.0,11.61,30.25,cubic,fd-3m,fm-3m,Fe3O4/MgO,Fe3O4/MgO,125.0,0.0,24.0,Fe3O4,MgO,Fe3 O4 Mg1 O1
429,Fe3 O4,Mg1 O1,,"['Fe3O4', 'MgO']",941.295,"cubic, cubic",24.0,-76.9,0.0,20.0,430,24.0,10.763,30.339,cubic,fd-3m,fm-3m,Fe3O4/MgO,Fe3O4/MgO,150.0,0.0,24.0,Fe3O4,MgO,Fe3 O4 Mg1 O1
430,Fe3 O4,Mg1 O1,,"['Fe3O4', 'MgO']",457.615,"cubic, cubic",24.0,-50.845,0.0,20.0,431,24.0,9.326,29.32,cubic,fd-3m,fm-3m,Fe3O4/MgO,Fe3O4/MgO,200.0,0.0,24.0,Fe3O4,MgO,Fe3 O4 Mg1 O1
431,Fe3 O4,Mg1 O1,,"['Fe3O4', 'MgO']",,"cubic, cubic",24.0,,0.0,20.0,432,24.0,6.5,27.967,cubic,fd-3m,fm-3m,Fe3O4/MgO,Fe3O4/MgO,250.0,0.0,24.0,Fe3O4,MgO,Fe3 O4 Mg1 O1
432,Fe3 O4,Mg1 O1,,"['Fe3O4', 'MgO']",,"cubic, cubic",24.0,,0.0,20.0,433,24.0,6.0,26.187,cubic,fd-3m,fm-3m,Fe3O4/MgO,Fe3O4/MgO,300.0,0.0,24.0,Fe3O4,MgO,Fe3 O4 Mg1 O1
433,Fe3 O4,Mg1 O1,Fe2 Co1 O4,"['Fe3O4', 'MgO', 'CoFe2O4']",6785.7825,"cubic, cubic",29.0,-2755.17,5.0,20.0,434,29.0,22.82,32.9,cubic,fd-3m,fm-3m,Fe3O4/MgO/CoFe2O4,Fe3O4/MgO/CoFe2O4,5.0,0.0,29.0,Fe3O4,MgO,Fe3 O4 Mg1 O1 Fe2 Co1 O4
434,Fe3 O4,Mg1 O1,Fe2 Co1 O4,"['Fe3O4', 'MgO', 'CoFe2O4']",5255.674,"cubic, cubic",29.0,-918.639,1.0,20.0,435,29.0,20.17,30.85,cubic,fd-3m,fm-3m,Fe3O4/MgO/CoFe2O4,Fe3O4/MgO/CoFe2O4,25.0,0.0,29.0,Fe3O4,MgO,Fe3 O4 Mg1 O1 Fe2 Co1 O4
435,Fe3 O4,Mg1 O1,Fe2 Co1 O4,"['Fe3O4', 'MgO', 'CoFe2O4']",3724.686,"cubic, cubic",29.0,-407.967,1.0,20.0,436,29.0,16.4,31.538,cubic,fd-3m,fm-3m,Fe3O4/MgO/CoFe2O4,Fe3O4/MgO/CoFe2O4,50.0,0.0,29.0,Fe3O4,MgO,Fe3 O4 Mg1 O1 Fe2 Co1 O4
436,Fe3 O4,Mg1 O1,Fe2 Co1 O4,"['Fe3O4', 'MgO', 'CoFe2O4']",2882.653,"cubic, cubic",29.0,-178.571,5.0,20.0,437,29.0,15.213,30.427,cubic,fd-3m,fm-3m,Fe3O4/MgO/CoFe2O4,Fe3O4/MgO/CoFe2O4,75.0,0.0,29.0,Fe3O4,MgO,Fe3 O4 Mg1 O1 Fe2 Co1 O4
437,Fe3 O4,Mg1 O1,Fe2 Co1 O4,"['Fe3O4', 'MgO', 'CoFe2O4']",2168.6,"cubic, cubic",29.0,-25.2,1.0,20.0,438,29.0,13.675,30.34,cubic,fd-3m,fm-3m,Fe3O4/MgO/CoFe2O4,Fe3O4/MgO/CoFe2O4,100.0,0.0,29.0,Fe3O4,MgO,Fe3 O4 Mg1 O1 Fe2 Co1 O4
438,Fe3 O4,Mg1 O1,Fe2 Co1 O4,"['Fe3O4', 'MgO', 'CoFe2O4']",1505.05,"cubic, cubic",29.0,-76.55,1.0,20.0,439,29.0,12.393,30.3,cubic,fd-3m,fm-3m,Fe3O4/MgO/CoFe2O4,Fe3O4/MgO/CoFe2O4,125.0,0.0,29.0,Fe3O4,MgO,Fe3 O4 Mg1 O1 Fe2 Co1 O4
439,Fe3 O4,Mg1 O1,Fe2 Co1 O4,"['Fe3O4', 'MgO', 'CoFe2O4']",944.54,"cubic, cubic",29.0,-25.46,5.0,20.0,440,29.0,11.368,30.17,cubic,fd-3m,fm-3m,Fe3O4/MgO/CoFe2O4,Fe3O4/MgO/CoFe2O4,150.0,0.0,29.0,Fe3O4,MgO,Fe3 O4 Mg1 O1 Fe2 Co1 O4
440,Fe3 O4,Mg1 O1,Fe2 Co1 O4,"['Fe3O4', 'MgO', 'CoFe2O4']",433.5,"cubic, cubic",29.0,-76.5,5.0,20.0,441,29.0,7.752,29.144,cubic,fd-3m,fm-3m,Fe3O4/MgO/CoFe2O4,Fe3O4/MgO/CoFe2O4,200.0,0.0,29.0,Fe3O4,MgO,Fe3 O4 Mg1 O1 Fe2 Co1 O4
441,Fe3 O4,Mg1 O1,Fe2 Co1 O4,"['Fe3O4', 'MgO', 'CoFe2O4']",0.0,"cubic, cubic",29.0,,1.0,20.0,442,29.0,9.061,27.606,cubic,fd-3m,fm-3m,Fe3O4/MgO/CoFe2O4,Fe3O4/MgO/CoFe2O4,250.0,0.0,29.0,Fe3O4,MgO,Fe3 O4 Mg1 O1 Fe2 Co1 O4
442,Fe2 O3,,,['Fe2O3'],11898.92,cubic,6.8,-1253.696,5.0,50.0,443,6.8,26.621,,sphere,p4132,0,γ-Fe2O3,γ-Fe2O3,5.0,0.0,6.8,Fe2O3,,Fe2 O3
443,Co1,Fe2 O3,,"['Co', 'Fe2O3']",8798.29,"hexagonal, cubic",6.8,-1478.24,5.0,50.0,444,6.8,26.621,,sphere,p63/mmc,p4132,Co/γ-Fe2O3,Co/γ-Fe2O3,5.0,0.0,6.8,Co,Fe2O3,Co1 Fe2 O3
444,Co1,Fe2 O3,,"['Co', 'Fe2O3']",1634.436,"hexagonal, cubic",6.8,-223.87,5.0,50.0,445,6.8,25.577,,sphere,p63/mmc,p4132,Co/γ-Fe2O3,Co/γ-Fe2O3,5.0,0.0,6.8,Co,Fe2O3,Co1 Fe2 O3
445,Co1,Fe2 O3,,"['Co', 'Fe2O3']",873.4,"hexagonal, cubic",6.8,-13.282,5.0,50.0,446,6.8,22.55,,sphere,p63/mmc,p4132,Co/γ-Fe2O3,Co/γ-Fe2O3,5.0,0.0,6.8,Co,Fe2O3,Co1 Fe2 O3
446,Fe3 O4,Fe2 Co1 O4,,"['Fe3O4', 'CoFe2O4']",26100.0,"cubic, cubic",7.2,-90.0,7.0,75.0,447,7.2,,67.0,sphere,fd-3m,fd-3m,Fe3O4@CoFe2O4,Fe3O4@CoFe2O4,5.0,0.0,7.2,Fe3O4,CoFe2O4,Fe3 O4 Fe2 Co1 O4
447,Fe3 O4,Fe2 Co1 O4,,"['Fe3O4', 'CoFe2O4']",21700.0,"cubic, cubic",13.3,-50.0,7.0,75.0,448,13.3,,63.0,sphere,fd-3m,fd-3m,Fe3O4@CoFe2O4,Fe3O4@CoFe2O4,5.0,0.0,13.3,Fe3O4,CoFe2O4,Fe3 O4 Fe2 Co1 O4
448,Fe3 O4,Co1 O1,,"['Fe3O4', 'CoO']",15300.0,"cubic, cubic",10.9,-2000.0,7.0,75.0,449,10.9,,46.0,sphere,fd-3m,fm-3m,Fe3O4@CoO,Fe3O4@CoO,5.0,0.0,10.9,Fe3O4,CoO,Fe3 O4 Co1 O1
449,Fe2 Co1 O4,,,['CoFe2O4'],13200.0,"cubic, cubic",6.91,-833.0,,50.0,450,6.91,46.295,98.5,sphere,fd-3m,0,CoFe2O4,CoFe2O4,5.0,0.0,6.91,CoFe2O4,,Fe2 Co1 O4
450,Fe2 Co1 O4,Fe2 Ni1 O4,,"['CoFe2O4', 'NiFe2O4']",8310.0,"cubic, cubic",11.0,,,50.0,451,11.0,50.8,83.3,sphere,fd-3m,fd-3m,CoFe2O4@NiFe2O4,CoFe2O4@NiFe2O4,5.0,0.0,11.0,CoFe2O4,NiFe2O4,Fe2 Co1 O4 Fe2 Ni1 O4
451,Fe2 Ni1 O4,,,['NiFe2O4'],251.0,"cubic, cubic",84.2,,,50.0,452,84.2,15.813,75.3,sphere,fd-3m,0,NiFe2O4,NiFe2O4,5.0,0.0,84.2,NiFe2O4,,Fe2 Ni1 O4
452,Fe2 Ni1 O4,Fe2 Co1 O4,,"['NiFe2O4', 'CoFe2O4']",3010.0,"cubic, cubic",12.0,-830.0,,50.0,453,12.0,38.835,86.3,sphere,fd-3m,fd-3m,NiFe2O4@CoFe2O4,NiFe2O4@CoFe2O4,5.0,0.0,12.0,NiFe2O4,CoFe2O4,Fe2 Ni1 O4 Fe2 Co1 O4
453,Mn1 Fe2 O4,Fe2 O3,,"['MnFe2O4', 'Fe2O3']",3230.0,"cubic,  trigonal",4.0,-1020.0,5.0,50.0,454,4.0,2.18,6.7,sphere,fd-3m,r3c,MnFe2O4/α-Fe2O3,MnFe2O4/α-Fe2O3,5.0,0.845,4.0,MnFe2O4,Fe2O3,Mn1 Fe2 O4 Fe2 O3
454,Mn1 Fe2 O4,Fe2 O3,,"['MnFe2O4', 'Fe2O3']",3100.0,"cubic,  trigonal",5.0,-1030.0,5.0,50.0,455,5.0,2.045,7.2,sphere,fd-3m,r3c,MnFe2O4/α-Fe2O3,MnFe2O4/α-Fe2O3,5.0,0.676,5.0,MnFe2O4,Fe2O3,Mn1 Fe2 O4 Fe2 O3
455,Mn1 Fe2 O4,Fe2 O3,,"['MnFe2O4', 'Fe2O3']",3370.0,"cubic,  trigonal",6.0,-1110.0,5.0,50.0,456,6.0,2.45,7.5,sphere,fd-3m,r3c,MnFe2O4/α-Fe2O3,MnFe2O4/α-Fe2O3,5.0,0.591,6.0,MnFe2O4,Fe2O3,Mn1 Fe2 O4 Fe2 O3
456,Mn1 Fe2 O4,Fe2 O3,,"['MnFe2O4', 'Fe2O3']",3100.0,"cubic,  trigonal",6.0,-1110.0,5.0,50.0,457,6.0,3.06,8.3,sphere,fd-3m,r3c,MnFe2O4/α-Fe2O3,MnFe2O4/α-Fe2O3,5.0,0.92957,6.0,MnFe2O4,Fe2O3,Mn1 Fe2 O4 Fe2 O3
457,Mn1 Fe2 O4,Fe2 O3,,"['MnFe2O4', 'Fe2O3']",546.0,"cubic,  trigonal",4.0,0.0,0.0,50.0,458,4.0,0.77,4.3,sphere,fd-3m,r3c,MnFe2O4/α-Fe2O3,MnFe2O4/α-Fe2O3,300.0,0.0,4.0,MnFe2O4,Fe2O3,Mn1 Fe2 O4 Fe2 O3
458,Mn1 Fe2 O4,Fe2 O3,,"['MnFe2O4', 'Fe2O3']",559.0,"cubic,  trigonal",5.0,0.0,0.0,50.0,459,5.0,0.648,4.5,sphere,fd-3m,r3c,MnFe2O4/α-Fe2O3,MnFe2O4/α-Fe2O3,300.0,0.0,5.0,MnFe2O4,Fe2O3,Mn1 Fe2 O4 Fe2 O3
459,Mn1 Fe2 O4,Fe2 O3,,"['MnFe2O4', 'Fe2O3']",556.0,"cubic,  trigonal",6.0,0.0,0.0,50.0,460,6.0,0.703,4.7,sphere,fd-3m,r3c,MnFe2O4/α-Fe2O3,MnFe2O4/α-Fe2O3,300.0,0.0,6.0,MnFe2O4,Fe2O3,Mn1 Fe2 O4 Fe2 O3
460,Mn1 Fe2 O4,Fe2 O3,,"['MnFe2O4', 'Fe2O3']",533.0,"cubic,  trigonal",6.0,0.0,0.0,50.0,461,6.0,0.77,5.0,sphere,fd-3m,r3c,MnFe2O4/α-Fe2O3,MnFe2O4/α-Fe2O3,300.0,0.0,6.0,MnFe2O4,Fe2O3,Mn1 Fe2 O4 Fe2 O3
461,Fe3 O4,,,['Fe3O4'],400.0,cubic,18.0,-769.0,5.0,20.0,462,18.0,19.35,80.88,sphere,fd-3m,0,Fe3O4,Fe3O4,5.0,0.0,18.0,Fe3O4,,Fe3 O4
462,Fe5 C2,Fe3 O4,,"['Fe5C2', 'Fe3O4']",1700.0,"monoclinic, cubic",15.0,-280.0,5.0,20.0,463,15.0,100.0,109.0,sphere,c2/c,fd-3m,Fe5C2/Fe3O4,Fe5C2/Fe3O4,5.0,0.0,15.0,Fe5C2,Fe3O4,Fe5 C2 Fe3 O4
463,Fe5 C2,,,['Fe5C2'],1400.0,monoclinic,12.0,-147.0,5.0,20.0,464,12.0,100.0,122.8,sphere,c2/c,0,Fe5C2,Fe5C2,5.0,0.0,12.0,Fe5C2,,Fe5 C2
464,Fe3 O4,,,['Fe3O4'],0.0,cubic,18.0,0.0,0.0,20.0,465,18.0,6.0,73.3,sphere,fd-3m,0,Fe3O4,Fe3O4,300.0,0.0,18.0,Fe3O4,,Fe3 O4
465,Fe5 C2,Fe3 O4,,"['Fe5C2', 'Fe3O4']",650.0,"monoclinic, cubic",15.0,0.0,0.0,20.0,466,15.0,81.81,75.0,sphere,c2/c,fd-3m,Fe5C2/Fe3O4,Fe5C2/Fe3O4,300.0,0.0,15.0,Fe5C2,Fe3O4,Fe5 C2 Fe3 O4
466,Fe5 C2,,,['Fe5C2'],850.0,monoclinic,12.0,0.0,0.0,20.0,467,12.0,60.6,108.0,sphere,c2/c,0,Fe5C2,Fe5C2,300.0,0.0,12.0,Fe5C2,,Fe5 C2
467,Fe1 Ni3,,,['FeNi3'],414.0,cubic,14.5,,3.0,30.0,468,14.5,,94.0,sphere,pm-3m,0,FeNi3,FeNi3,5.0,0.0,14.5,FeNi3,,Fe1 Ni3
468,Fe1 Ni3,Mo1,,"['FeNi3', 'Mo']",174.0,"cubic, cubic",21.72,,3.0,30.0,469,21.72,,57.0,sphere,pm-3m,im-3m,FeNi3@Mo,FeNi3@Mo,5.0,0.0,21.72,FeNi3,Mo,Fe1 Ni3 Mo1
469,Fe11 C5,,,['Fe2.2C'],742.0,hexagonal,14.8,,3.0,30.0,470,14.8,,183.0,cube,p6322,0,Fe2.2C,Fe2.2C,5.0,0.0,14.8,Fe2.2C,,Fe11 C5
470,Fe11 C5,Mo1,,"['Fe2.2C', 'Mo']",423.0,"orthorhombic, cubic",19.06,,0.0,30.0,471,19.06,,162.0,sphere,pnnm,im-3m,Fe2.2C@Mo,Fe2.2C@Mo,300.0,0.0,19.06,Fe2.2C,Mo,Fe11 C5 Mo1
471,Fe11 C5,,,['Fe2.2C'],605.0,hexagonal,15.32,,3.0,30.0,472,15.32,,108.0,cube,p6322,0,Fe2.2C,Fe2.2C,5.0,0.0,15.32,Fe2.2C,,Fe11 C5
472,Fe11 C5,Mo1,,"['Fe2.2C', 'Mo']",247.0,"orthorhombic, cubic",14.54,,0.0,30.0,473,14.54,,97.0,sphere,pnnm,im-3m,Fe2.2C@Mo,Fe2.2C@Mo,300.0,0.0,14.54,Fe2.2C,Mo,Fe11 C5 Mo1
473,Co1,Co1 O1,,"['Co', 'CoO']",7160.19,"hexagonal, cubic",12.0,-1756.75,5.0,20.0,474,12.0,98.0,122.7,sphere,P63/mmc,fm-3m,Co/CoO,Co/CoO,10.0,11.029,12.0,Co,CoO,Co1 Co1 O1
474,Co1,Co1 O1,,"['Co', 'CoO']",6483.63,"hexagonal, cubic",12.0,-803.95,5.0,20.0,475,12.0,86.0,116.78,sphere,P63/mmc,fm-3m,Co/CoO,Co/CoO,50.0,4.54,12.0,Co,CoO,Co1 Co1 O1
475,Co1,Co1 O1,,"['Co', 'CoO']",5296.52,"hexagonal, cubic",12.0,-211.8065,5.0,20.0,476,12.0,77.67,109.0,sphere,P63/mmc,fm-3m,Co/CoO,Co/CoO,100.0,0.0,12.0,Co,CoO,Co1 Co1 O1
476,Co1,Co1 O1,,"['Co', 'CoO']",4068.0,"hexagonal, cubic",12.0,-126.63,5.0,20.0,477,12.0,69.88,110.79,sphere,P63/mmc,fm-3m,Co/CoO,Co/CoO,150.0,0.0,12.0,Co,CoO,Co1 Co1 O1
477,Co1,Co1 O1,,"['Co', 'CoO']",3262.816,"hexagonal, cubic",12.0,-128.528,5.0,20.0,478,12.0,66.47,112.49,sphere,P63/mmc,fm-3m,Co/CoO,Co/CoO,200.0,0.0,12.0,Co,CoO,Co1 Co1 O1
478,Co1,Co1 O1,,"['Co', 'CoO']",1991.5,"hexagonal, cubic",12.0,-43.5,5.0,20.0,479,12.0,66.96,118.45,sphere,P63/mmc,fm-3m,Co/CoO,Co/CoO,300.0,0.0,12.0,Co,CoO,Co1 Co1 O1
479,La2 Fe2 O6,Fe2 Co1 O4,,"['La2Fe2O6', 'CoFe2O4']",378.0,"orthorhombic, cubic",17.5,0.0,0.0,25.0,480,17.5,2.0785,13.501,sphere,pnma,fd-3m,La2Fe2O6/CoFe2O4,La2Fe2O6/CoFe2O4,300.0,0.0,17.5,La2Fe2O6,CoFe2O4,La2 Fe2 O6 Fe2 Co1 O4
480,La2 Fe2 O6,Fe2 Co1 O4,,"['La2Fe2O6', 'CoFe2O4']",459.0,"orthorhombic, cubic",27.5,0.0,0.0,25.0,481,27.5,1.576,11.105,sphere,pnma,fd-3m,La2Fe2O6/CoFe2O4,La2Fe2O6/CoFe2O4,300.0,0.0,27.5,La2Fe2O6,CoFe2O4,La2 Fe2 O6 Fe2 Co1 O4
481,La2 Fe2 O6,Fe2 Co1 O4,,"['La2Fe2O6', 'CoFe2O4']",1560.0,"orthorhombic, cubic",31.0,0.0,0.0,25.0,482,31.0,9.4571,20.365,sphere,pnma,fd-3m,La2Fe2O6/CoFe2O4,La2Fe2O6/CoFe2O4,300.0,0.0,31.0,La2Fe2O6,CoFe2O4,La2 Fe2 O6 Fe2 Co1 O4
482,Co1 O1,Co1,,"['CoO', 'Co']",395.247,"cubic, hexagonal",50.0,-50.685,5.0,50.0,483,50.0,52.2,63.415,sphere,fm-3m,p63/mmc,CoO/Co,CoO/Co,5.0,0.0,50.0,CoO,Co,Co1 O1 Co1
483,Co1,Co1 O1,,"['Co', 'CoO']",1111.3855,"cubic, hexagonal",62.0,-253.3855,5.0,50.0,484,62.0,29.26,21.14,sphere,fm-3m,p63/mmc,Co/CoO,Co/CoO,5.0,0.0,62.0,Co,CoO,Co1 Co1 O1
484,Co1 O1,Co1,,"['CoO', 'Co']",952.618,"cubic, hexagonal",70.0,-141.772,5.0,50.0,485,70.0,6.725,16.9,sphere,fm-3m,p63/mmc,CoO/Co,CoO/Co,5.0,0.465,70.0,CoO,Co,Co1 O1 Co1
485,Co1,Co1 O1,,"['Co', 'CoO']",1155.295,"cubic, hexagonal",76.0,-175.635,5.0,50.0,486,76.0,5.427,15.938,sphere,fm-3m,p63/mmc,Co/CoO,Co/CoO,5.0,0.386,76.0,Co,CoO,Co1 Co1 O1
486,Co1 O1,Co1,,"['CoO', 'Co']",952.612,"cubic, hexagonal",82.0,-148.635,5.0,50.0,487,82.0,4.614,15.0,sphere,fm-3m,p63/mmc,CoO/Co,CoO/Co,5.0,0.386,82.0,CoO,Co,Co1 O1 Co1
487,Co1,Co1 O1,,"['Co', 'CoO']",986.3925,"cubic, hexagonal",88.0,-162.1195,5.0,50.0,488,88.0,4.39,14.96,sphere,fm-3m,p63/mmc,Co/CoO,Co/CoO,5.0,0.406,88.0,Co,CoO,Co1 Co1 O1
488,Fe3 O4,Co1 O1,,"['Fe3O4', 'CoO']",8895.3,"cubic, cubic",,-5753.62,0.2,80.0,489,,,,,fd-3m,fm-3m,Fe3O4/CoO,Fe3O4/CoO,10.0,,,Fe3O4,CoO,Fe3 O4 Co1 O1
489,Fe3 O4,Co1 O1,,"['Fe3O4', 'CoO']",10174.58,"cubic, cubic",,-8310.58,0.5,80.0,490,,,,,fd-3m,fm-3m,Fe3O4/CoO,Fe3O4/CoO,10.0,,,Fe3O4,CoO,Fe3 O4 Co1 O1
490,Fe3 O4,Co1 O1,,"['Fe3O4', 'CoO']",10814.11,"cubic, cubic",,-9418.761,1.0,80.0,491,,,,,fd-3m,fm-3m,Fe3O4/CoO,Fe3O4/CoO,10.0,,,Fe3O4,CoO,Fe3 O4 Co1 O1
491,Fe3 O4,Co1 O1,,"['Fe3O4', 'CoO']",11279.07,"cubic, cubic",,-9573.644,2.0,80.0,492,,,,,fd-3m,fm-3m,Fe3O4/CoO,Fe3O4/CoO,10.0,,,Fe3O4,CoO,Fe3 O4 Co1 O1
492,Fe3 O4,Co1 O1,,"['Fe3O4', 'CoO']",11744.25,"cubic, cubic",,-8410.92,5.0,80.0,493,,,,,fd-3m,fm-3m,Fe3O4/CoO,Fe3O4/CoO,10.0,,,Fe3O4,CoO,Fe3 O4 Co1 O1
493,Fe3 O4,Co1 O1,,"['Fe3O4', 'CoO']",1956.331,"cubic, cubic",,-1369.513,2.0,80.0,494,,,,,fd-3m,fm-3m,Fe3O4/CoO,Fe3O4/CoO,100.0,,,Fe3O4,CoO,Fe3 O4 Co1 O1
494,Fe3 O4,Co1 O1,,"['Fe3O4', 'CoO']",499.93,"cubic, cubic",,-57.07,2.0,80.0,495,,,,,fd-3m,fm-3m,Fe3O4/CoO,Fe3O4/CoO,200.0,,,Fe3O4,CoO,Fe3 O4 Co1 O1
495,Fe3 O4,Co1 O1,,"['Fe3O4', 'CoO']",182.12,"cubic, cubic",,0.0,2.0,80.0,496,,,,,fd-3m,fm-3m,Fe3O4/CoO,Fe3O4/CoO,300.0,,,Fe3O4,CoO,Fe3 O4 Co1 O1
496,La1 Fe1 O3,,,['LaFeO3'],9025.0,orthorhombic,66.0,-1375.0,1.0,80.0,497,66.0,0.057,0.7025,octahedron,pnma,0,LaFeO3,LaFeO3,300.0,0.008,66.0,LaFeO3,,La1 Fe1 O3
497,La1 Fe1 O3,,,['LaFeO3'],8025.0,orthorhombic,66.0,-1125.0,2.0,80.0,498,66.0,0.051,,octahedron,pnma,0,LaFeO3,LaFeO3,300.0,0.0,66.0,LaFeO3,,La1 Fe1 O3
498,La1 Fe1 O3,,,['LaFeO3'],7875.0,orthorhombic,66.0,-1125.0,3.0,80.0,499,66.0,0.049,,octahedron,pnma,0,LaFeO3,LaFeO3,300.0,0.002,66.0,LaFeO3,,La1 Fe1 O3
499,La1 Fe1 O3,,,['LaFeO3'],7725.0,orthorhombic,66.0,-1175.0,4.0,80.0,500,66.0,0.049,0.704,octahedron,pnma,0,LaFeO3,LaFeO3,300.0,0.002,66.0,LaFeO3,,La1 Fe1 O3
500,La1 Fe1 O3,,,['LaFeO3'],7550.0,orthorhombic,66.0,-1000.0,5.0,80.0,501,66.0,0.047,,octahedron,pnma,0,LaFeO3,LaFeO3,300.0,0.004,66.0,LaFeO3,,La1 Fe1 O3
501,La1 Fe1 O3,,,['LaFeO3'],7300.0,orthorhombic,66.0,-1050.0,6.0,80.0,502,66.0,0.0485,0.708,octahedron,pnma,0,LaFeO3,LaFeO3,300.0,0.006,66.0,LaFeO3,,La1 Fe1 O3
502,La1 Fe1 O3,,,['LaFeO3'],9215.75,orthorhombic,66.0,-393.25,6.5,80.0,503,66.0,,0.71,octahedron,pnma,0,LaFeO3,LaFeO3,300.0,,66.0,LaFeO3,,La1 Fe1 O3
503,La1 Fe1 O3,,,['LaFeO3'],849.26,orthorhombic,66.0,-213.0,0.0,50.0,504,66.0,0.016,0.45,octahedron,pnma,0,LaFeO3,LaFeO3,300.0,0.0,66.0,LaFeO3,,La1 Fe1 O3
504,La1 Fe1 O3,,,['LaFeO3'],3188.679,orthorhombic,66.0,-5653.0,0.0,60.0,505,66.0,0.042,0.62,octahedron,pnma,0,LaFeO3,LaFeO3,300.0,0.0,66.0,LaFeO3,,La1 Fe1 O3
505,La1 Fe1 O3,,,['LaFeO3'],2754.78,orthorhombic,66.0,-518.0,1.0,50.0,506,66.0,0.028,0.55,octahedron,pnma,0,LaFeO3,LaFeO3,300.0,0.067,66.0,LaFeO3,,La1 Fe1 O3
506,La1 Fe1 O3,,,['LaFeO3'],3188.7,orthorhombic,66.0,-2920.0,1.0,60.0,507,66.0,0.0445,0.6,octahedron,pnma,0,LaFeO3,LaFeO3,300.0,0.0295,66.0,LaFeO3,,La1 Fe1 O3
507,Fe1 F2,Fe1,,"['FeF2', 'Fe']",10778.3,"cubic, tetragonal",4.3,-1580.0,5.0,20.0,508,4.3,,,sphere,im-3m,p42/mnm,FeF2/Fe,FeF2/Fe,10.0,,4.3,FeF2,Fe,Fe1 F2 Fe1
508,Fe1 F2,Fe1,,"['FeF2', 'Fe']",10707.57,"cubic, tetragonal",4.87,-990.0,70.0,20.0,509,4.87,,,sphere,im-3m,p42/mnm,FeF2/Fe,FeF2/Fe,10.0,,4.87,FeF2,Fe,Fe1 F2 Fe1
509,Co1 P1,,,['CoP'],1025.62,tetragonal,7.1,-153.48,2.0,20.0,510,7.1,24.565,33.7,sphere,p4/mmm,0,CoP,CoP,300.0,0.0,7.1,CoP,,Co1 P1
510,Co1 P1,,,['CoP'],1358.528,tetragonal,7.1,75.873,2.0,20.0,511,7.1,20.869,36.4,sphere,p4/mmm,0,CoP,CoP,300.0,0.0,7.1,CoP,,Co1 P1
511,Co1 P1,,,['CoP'],4255.0,tetragonal,7.1,0.0,2.0,20.0,512,7.1,25.0,36.8,sphere,p4/mmm,0,CoP,CoP,300.0,0.0,7.1,CoP,,Co1 P1
512,Co1 P1,,,['CoP'],9355.89,cubic,7.1,76.89,2.0,20.0,513,7.1,25.0,43.6,sphere,fm-3m,0,CoP,CoP,300.0,0.0,7.1,CoP,,Co1 P1
513,Co1 P1,,,['CoP'],14021.056,cubic,7.1,-487.043,2.0,20.0,514,7.1,26.0,46.8,sphere,fm-3m,0,CoP,CoP,300.0,0.0,7.1,CoP,,Co1 P1
514,Fe3 O4,Ni1 O1,,"['Fe3O4', 'NiO']",1875.236,cubic,17.0,1662.94,5.0,60.0,515,17.0,0.767,7.45,sphere,fd-3m,fm-3m,Fe3O4/NiO,Fe3O4/NiO,5.0,0.767,17.0,Fe3O4,NiO,Fe3 O4 Ni1 O1
515,Fe3 O4,Ni1 O1,,"['Fe3O4', 'NiO']",1398.6,cubic,17.0,1220.4,5.0,60.0,516,17.0,0.6705,,sphere,fd-3m,fm-3m,Fe3O4/NiO,Fe3O4/NiO,5.0,0.6705,17.0,Fe3O4,NiO,Fe3 O4 Ni1 O1
516,Fe3 O4,Ni1 O1,,"['Fe3O4', 'NiO']",1260.329,cubic,17.0,1116.53,5.0,60.0,517,17.0,,,sphere,fd-3m,fm-3m,Fe3O4/NiO,Fe3O4/NiO,5.0,,17.0,Fe3O4,NiO,Fe3 O4 Ni1 O1
517,Fe3 O4,Ni1 O1,,"['Fe3O4', 'NiO']",1229.76,cubic,17.0,1029.63,5.0,60.0,518,17.0,,,sphere,fd-3m,fm-3m,Fe3O4/NiO,Fe3O4/NiO,5.0,,17.0,Fe3O4,NiO,Fe3 O4 Ni1 O1
518,Fe3 O4,Ni1 O1,,"['Fe3O4', 'NiO']",1229.76,cubic,17.0,1002.68,5.0,60.0,519,17.0,0.5855,,sphere,fd-3m,fm-3m,Fe3O4/NiO,Fe3O4/NiO,5.0,0.5855,17.0,Fe3O4,NiO,Fe3 O4 Ni1 O1
519,Fe3 O4,Ni1 O1,,"['Fe3O4', 'NiO']",1147.63,cubic,17.0,960.57,5.0,60.0,520,17.0,,,sphere,fd-3m,fm-3m,Fe3O4/NiO,Fe3O4/NiO,5.0,,17.0,Fe3O4,NiO,Fe3 O4 Ni1 O1
520,Fe3 O4,Ni1 O1,,"['Fe3O4', 'NiO']",1055.43,cubic,17.0,949.12,5.0,60.0,521,17.0,0.5625,7.25,sphere,fd-3m,fm-3m,Fe3O4/NiO,Fe3O4/NiO,5.0,0.5625,17.0,Fe3O4,NiO,Fe3 O4 Ni1 O1
521,La1 Fe1 O3,Ni1 O1,,"['LaFeO3', 'NiO']",1895.759,"orthorhombic, cubic",40.0,-1895.0,6.0,60.0,522,40.0,0.17,1.3,sphere,pnma,fm-3m,LaFeO3-NiO,LaFeO3-NiO,5.0,0.18,40.0,LaFeO3,NiO,La1 Fe1 O3 Ni1 O1
522,La1 Fe1 O3,Ni1 O1,,"['LaFeO3', 'NiO']",1907.9,"orthorhombic, cubic",40.0,-1907.9,6.0,60.0,523,40.0,0.16,1.259,sphere,pnma,fm-3m,LaFeO3-NiO,LaFeO3-NiO,10.0,0.16,40.0,LaFeO3,NiO,La1 Fe1 O3 Ni1 O1
523,La1 Fe1 O3,Ni1 O1,,"['LaFeO3', 'NiO']",1061.3475,"orthorhombic, cubic",35.0,-730.0,0.0,60.0,524,35.0,0.1335,2.2,sphere,pnma,fm-3m,LaFeO3-NiO,LaFeO3-NiO,50.0,0.0895,35.0,LaFeO3,NiO,La1 Fe1 O3 Ni1 O1
524,La1 Fe1 O3,Ni1 O1,,"['LaFeO3', 'NiO']",312.8775,"orthorhombic, cubic",35.0,-75.0,0.0,60.0,525,35.0,0.0695,0.838,sphere,pnma,fm-3m,LaFeO3-NiO,LaFeO3-NiO,300.0,0.017,35.0,LaFeO3,NiO,La1 Fe1 O3 Ni1 O1
525,La1 Fe1 O3,,,['LaFeO3'],,orthorhombic,23.0,-820.0,6.0,60.0,526,23.0,,,sphere,pnma,0,LaFeO3,LaFeO3,5.0,0.11,23.0,LaFeO3,,La1 Fe1 O3
526,Ni1 O1,,,['NiO'],,orthorhombic,20.0,-900.0,6.0,60.0,527,20.0,,,,fm-3m,0,NiO,NiO,5.0,0.031,20.0,NiO,,Ni1 O1
527,La1 Fe1 O3,Ni1 O1,,"['LaFeO3', 'NiO']",1082.76,"orthorhombic, cubic",40.0,-656.76,1.0,60.0,528,40.0,0.1445,1.5145,sphere,pnma,fm-3m,LaFeO3-NiO,LaFeO3-NiO,5.0,0.054,40.0,LaFeO3,NiO,La1 Fe1 O3 Ni1 O1
528,La1 Fe1 O3,Ni1 O1,,"['LaFeO3', 'NiO']",1144.92,"orthorhombic, cubic",40.0,-842.644,2.0,60.0,529,40.0,0.1555,1.625,sphere,pnma,fm-3m,LaFeO3-NiO,LaFeO3-NiO,5.0,0.1125,40.0,LaFeO3,NiO,La1 Fe1 O3 Ni1 O1
529,La1 Fe1 O3,Ni1 O1,,"['LaFeO3', 'NiO']",1260.0,"orthorhombic, cubic",40.0,-1030.0,3.0,60.0,530,40.0,0.155,1.65,sphere,pnma,fm-3m,LaFeO3-NiO,LaFeO3-NiO,5.0,0.124,40.0,LaFeO3,NiO,La1 Fe1 O3 Ni1 O1
530,La1 Fe1 O3,Ni1 O1,,"['LaFeO3', 'NiO']",1322.5,"orthorhombic, cubic",35.0,-1144.5,4.0,60.0,531,35.0,0.166,1.657,sphere,pnma,fm-3m,LaFeO3-NiO,LaFeO3-NiO,5.0,0.152,35.0,LaFeO3,NiO,La1 Fe1 O3 Ni1 O1
531,La1 Fe1 O3,Ni1 O1,,"['LaFeO3', 'NiO']",1452.6,"orthorhombic, cubic",35.0,-1452.6,5.0,60.0,532,35.0,0.1655,1.6765,sphere,pnma,fm-3m,LaFeO3-NiO,LaFeO3-NiO,5.0,0.15,35.0,LaFeO3,NiO,La1 Fe1 O3 Ni1 O1
532,La1 Fe1 O3,Ni1 O1,,"['LaFeO3', 'NiO']",1976.41,"orthorhombic, cubic",35.0,-1976.41,6.0,60.0,533,35.0,0.17,1.27,sphere,pnma,fm-3m,LaFeO3-NiO,LaFeO3-NiO,5.0,0.17,35.0,LaFeO3,NiO,La1 Fe1 O3 Ni1 O1
